clave_interna,descripcion_bien,unidad,cantidad,valor_unitario,valor_total,ultima_version
010.000.0101.00,Acido Acetilsalicilico. Tableta. Cada Ta,Tableta,20097,0.343,6893.27,2025
010.000.0104.00,Paracetamol. Tableta Cada Tableta Contie,Tableta,173038,0.2959,51201.94,2025
010.000.0106.00,Paracetamol. Solucion Oral Cada Ml Conti,Envase,114,6.0226,686.58,2025
010.000.0108.00,Metamizol Sodico. Comprimido Cada Compri,Comprimido,1043,0.4383,457.15,2025
010.000.0109.00,Metamizol Sodico. Solucion Inyectable Ca,Pieza,36081,2.3982,86529.45,2025
010.000.0204.00,Atropina. Solucion Inyectable Cada Ampol,Ampolleta,1917,4.1174,7893.06,2025
010.000.0233.00,Sevoflurano. Liquido O Solucion Cada Env,Envase,315,956.8693,301413.83,2025
010.000.0234.00,Desflurano. Liquido Cada Envase Contiene,Envase,545,2390.0,1302550.0,2025
010.000.0244.00,Propofol. Emulsion Inyectable Propofol 2,Ampula,26152,19.1,499503.2,2025
010.000.0245.00,Propofol 500 Mg. Emulsion Inyectable. En,Fco/Amp,4977,113.493,564854.66,2025
010.000.0246.00,Propofol. Emulsion Inyectable Cada Ampol,Fco/Amp,104357,23.28,2429430.96,2025
010.000.0247.02,Dexmedetomidina Solucion Inyectable. Cad,Ampula,35043,24.477,857747.51,2025
010.000.0254.00,Vecuronio Solucion Inyectable Bromuro De,Ampolleta,11404,19.7948,225739.9,2025
010.000.0261.00,Lidocaina. Solucion Inyectable Al 1%. Ca,Ampolleta,3944,17.168,67710.59,2025
010.000.0262.00,Lidocaina. Solucion Inyectable Al 2%. Ca,Ampula,14746,24.082,355113.17,2025
010.000.0267.00,Lidocaina Epinefrina. Solucion Inyectabl,Cartucho,20550,9.1032,187070.76,2025
010.000.0270.00,Ropivacaina Solucion Inyactble Contine,Ampolleta,825,16.878,13924.35,2025
010.000.0402.00,Clorfenamina. Tableta. Cada Tableta Cont,Tableta,5534,0.375,2075.25,2025
010.000.0405.00,Difenhidramina. Jarabe. Cada 100 Mililit,Envase,288,6.032,1737.22,2025
010.000.0406.00,Difenhidramina. Solucion Inyectable. Cad,Envase,4976,40.0324,199201.22,2025
010.000.0408.00,Clorfenamina. Jarabe. Cada Mililitro Con,Envase,283,4.0382,1142.81,2025
010.000.0426.00,Aminofilina. Solucion Inyectable. Cada A,Ampolleta,276,6.642,1833.19,2025
010.000.0437.00,Teofilina 100 Mg. Comprimido O Tableta O,Tableta,260,0.7075,183.95,2025
010.000.0439.00,Salbutamol. Solucion Para Nebulizador. C,Pieza,270,14.3,3861.0,2025
010.000.0440.00,Fluticasona. Suspension en Aerosol. Cada,Envase,10,192.74,1927.4,2025
010.000.0441.00,Salmeterol 0.330 Mg. Suspension en Aeros,Envase,3,138.6,415.8,2025
010.000.0442.00,Salmeterol Fluticasona. Polvo. Salmetero,Envase,960,81.3513,78097.25,2025
010.000.0445.00,Budesonida 90 Mg-Formoterol 5 Mg. Polvo.,Frasco,692,215.38,149042.96,2025
010.000.0446.00,Budesonida-Formoterol. Polvo. Cada Gramo,Frasco,576,94.1,54201.6,2025
010.000.0447.00,Salmeterol Fluticasona. Polvo. Cada Dosi,Envase,295,150.0,44250.0,2025
010.000.0450.00,Fluticasona. Suspension en Aerosol. Cada,Envase,6,67.62,405.72,2025
010.000.0472.00,Prednisona. Tableta Cada Tableta Contien,Tableta,14421,0.2,2884.2,2025
010.000.0473.00,Prednisona. Tableta Cada Tableta Contien,Tableta,197947,1.0978,217306.22,2025
010.000.0474.00,Hidrocortisona. Solucion Inyectable Succ,Ampolleta,25373,12.0272,305166.15,2025
010.000.0476.00,Metilprednisolona. Solucion Inyectable C,Ampula,2486,51.0728,126966.98,2025
010.000.0477.00,Dipropionato de Beclometasona 50 Ug. Sus,Envase,3,46.0,138.0,2025
010.000.0502.00,Digoxina. Tableta. Cada Tableta Contiene,Tableta,3460,0.75,2595.0,2025
010.000.0504.00,Digoxina. Solucion Inyectable. Cada Ampo,Ampolleta,4,54.0,216.0,2025
010.000.0524.00,Cloruro de Potasio 1.49 G.(20 Meq de Pot,Ampolleta,20545,1.1938,24526.62,2025
010.000.0525.00,Fenitoina. Tableta O Capsula Cada Tablet,Tableta,9433,0.194,1830.0,2025
010.000.0530.00,Propranolol. Tableta Cada Tableta Contie,Tableta,108563,0.32,34740.16,2025
010.000.0537.00,Propafenona. Tableta Cada Tableta Contie,Tableta,14001,1.0,14001.0,2025
010.000.0561.00,Clortalidona. Tableta. Cada Tableta Cont,Tableta,472,0.3679,173.65,2025
010.000.0566.00,Metildopa. Tableta Cada Tableta Contiene,Tableta,804,1.2173,978.71,2025
010.000.0569.00,Nitroprusiato de Sodio de 50 Mg Solucion,Envase,110,745.2482,81977.3,2025
010.000.0572.00,Metoprolol. Tableta Cada Tableta Contien,Tableta,243135,0.2657,64600.97,2025
010.000.0573.00,Prazosina. Capsula O Comprimido Cada Cap,Capsula,61639,0.525,32360.48,2025
010.000.0574.00,Captopril. Tableta Cada Tableta Contiene,Tableta,3630,0.1882,683.17,2025
010.000.0592.00,Isosorbida. Tableta Sublingual Cada Tabl,Tableta,1985,1.45,2878.25,2025
010.000.0593.00,Isosorbida. Tableta Cada Tableta Contien,Tableta,3760,0.27,1015.2,2025
010.000.0596.00,Verapamilo. Gragea O Tableta Recubierta,Tableta,1720,0.415,713.8,2025
010.000.0597.00,Nifedipino. Capsula de Gelatina Blanda C,Capsula,843,0.725,611.18,2025
010.000.0598.00,Verapamilo. Solucion Inyectable Cada Amp,Envase,80,85.3297,6826.38,2025
010.000.0611.00,Epinefrina. Solucion Inyectable Cada Amp,Ampolleta,1402,3.6016,5049.44,2025
010.000.0612.00,Norepinefrina. Solucion Inyectable Cada,Ampolleta,20112,5.8106,116862.79,2025
010.000.0614.00,Dopamina. Solucion Inyectable Cada Ampol,Ampolleta,1068,6.566,7012.49,2025
010.000.0621.00,Heparina de 10 000 Ui Solucion Inyectab,Fco/Amp,3395,33.8033,114762.2,2025
010.000.0622.00,Heparina. Sol Iny. Cada Fco Amp Contiene,Fco/Amp,445,51.9698,23126.56,2025
010.000.0626.01,Fitomenadiona. Solucion O Emulsion Inyec,Ampolleta,8254,5.95,49111.3,2025
010.000.0655.00,Bezafibrato. Tableta Cada Tableta Contie,Tableta,1794,0.6538,1172.92,2025
010.000.0657.00,Pravastatina. Tableta Cada Tableta Conti,Tabletas,3120,0.3447,1075.46,2025
010.000.0801.00,Baño Coloide. Polvo. Cada Gramo Contiene,Envase,16,14.2,227.2,2025
010.000.0801.01,Baño Coloide. Polvo. Cada Gramo Contiene,Sobre,4,15.5,62.0,2025
010.000.0804.00,Oxido de Zinc. Pasta Cada 100 G Contiene,Envase,8,8.5,68.0,2025
010.000.0813.00,Hidrocortisona. Crema Cada G Contiene: 1,Envase,37,14.6564,542.29,2025
010.000.0865.00,Permetrina. Solucion Cada 100 Ml Contien,Envase,2,131.06,262.12,2025
010.000.0871.00,Alibour. Polvo Cada Gramo Contiene: Sulf,Sobre,6,3.2083,19.25,2025
010.000.0872.00,Clioquinol. Crema Cada G Contiene: Clioq,Envase,19,7.0731,134.39,2025
010.000.0901.00,Podofilina. Solucion Dermica Cada Ml Con,Envase,32,70.0,2240.0,2025
010.000.0903.00,Fluorouracilo. Crema O Ungüento Cada Gra,Envase,1545,291.3124,450077.66,2025
010.000.0904.00,Acido Retinoico. Crema Cada 100 Gramos C,Envase,27,7.3,197.1,2025
010.000.0906.00,Dapsona. Tableta Cada Tableta Contiene:,Tabletas,1000,13.2888,13288.8,2025
010.000.1005.00,Tiroxina - Triyodotironina. Tableta Cada,Tableta,50,3.8592,192.96,2025
010.000.1006.00,Calcio Comprimido Efervescente. Carbonat,Comprimido,24881,1.6437,40896.9,2025
010.000.1007.00,Levotiroxina. Tableta Cada Tableta Conti,Tableta,1861,0.2699,502.28,2025
010.000.1022.00,Tiamazol. Tableta Cada Tableta Contiene:,Tableta,803,0.875,702.63,2025
010.000.1050.01,Insulina Humana Suspencion Inyectable De,Envase,12,49.64,595.68,2025
010.000.1051.01,Insulina Humana Suspencion Inyectable Ac,Envase,100,61.3832,6138.32,2025
010.000.1061.00,Testosterona. Solucion Inyectable Cada A,Pieza,15,95.69,1435.35,2025
010.000.1094.00,Cabergolina. Tableta Cada Tableta Contie,Tableta,22,6.75,148.5,2025
010.000.1094.01,Cabergolina. Tableta Cada Tableta Contie,Tableta,184,10.95,2014.8,2025
010.000.1095.00,Calcitriol. Capsula de Gelatina Blanda C,Capsula,489,0.4364,213.4,2025
010.000.1097.00,Desmopresina. Solucion Nasal. Cada Ml Co,Envase,17,60.112,1021.9,2025
010.000.1100.00,Paricalcitol. Solucion Inyectable. Cada,Ampolleta,120,180.0,21600.0,2025
010.000.1206.00,Butilhiscina O Hioscina de 10 Mg Tableta,Tableta,450,0.595,267.75,2025
010.000.1207.00,Butilhioscina O Hioscina. Solucion Inyec,Ampolleta,19490,1.98,38590.2,2025
010.000.1210.00,Pinaverio. Tableta Cada Tableta Contiene,Tabletas,4116,0.6564,2701.74,2025
010.000.1210.01,Pinaverio. Tableta Cada Tableta Contiene,Tableta,34160,0.61,20837.6,2025
010.000.1223.00,Aluminio y Magnesio. Tableta Masticable:,Tableta,5450,0.942,5133.9,2025
010.000.1224.00,Alumino y Magnesio Suspension Oral,Envase,246,28.3381,6971.17,2025
010.000.1241.00,Metoclopramida. Solucion Inyectable Cada,Fco/Amp,5606,1.4051,7876.99,2025
010.000.1242.00,Metoclopramida. Tableta Cada Tableta Con,Tableta,6784,0.1411,957.22,2025
010.000.1243.00,Metoclopramida. Solucion Cada Ml Contien,Envase,24,9.3915,225.4,2025
010.000.1270.01,Senósidos A-B. Sol. Oral Cada 100 Ml Con,Pieza,1,79.9,79.9,2025
010.000.1271.00,Plantago Psyllium. Polvo Cada 100 G Cont,Envase,4060,65.0,263900.0,2025
010.000.1272.00,Senosidos A-B. Tableta Cada Tableta Cont,Tableta,24814,0.399,9900.79,2025
010.000.1275.00,Magnesio. Suspension Oral Cada 100 Ml Co,Envase,255,29.1,7420.5,2025
010.000.1277.00,Fosfato y Citrato de Sodio. Solucion. Ca,Envase,6,62.5,375.0,2025
010.000.1308.01,Metronidazol. Tableta Cada Tableta Conti,Tableta,5939,0.4091,2429.64,2025
010.000.1309.00,Metronidazol. Solución Inyectable Cada A,Ampolleta,70,13.26,928.2,2025
010.000.1310.00,Metronidazol. Suspension Oral Cada 5 Ml,Envase,20,12.0,240.0,2025
010.000.1311.00,Metronidazol. Solucion Inyectable Cada 1,Envase,15581,10.88,169521.28,2025
010.000.1344.00,Albendazol. Tableta Cada Tableta Contien,Tableta,230,1.3,299.0,2025
010.000.1345.00,Albendazol. Suspension Oral Cada Frasco,Envase,3,3.8,11.4,2025
010.000.1363.00,Lidocaina-Hidrocortizona. Unguento. Cada,Envase,4,27.96,111.84,2025
010.000.1497.00,Estradiol Ciproterona. Gragea: Valeriana,Gragea,420,24.7009,10374.38,2025
010.000.1501.00,Estrogenos Conjugados. Gragea O Tableta,Tableta,1470,9.7619,14349.99,2025
010.000.1511.00,Ciproterona-Etinilestradiol. Gragea Cada,Gragea,693,3.0952,2144.97,2025
010.000.1541.00,Carbetocina. Solucion Inyectable Cada Am,Envase,1470,11.93,17537.1,2025
010.000.1542.00,Oxitocina. Solucion Inyectable Cada Ampo,Fco/Amp,6100,2.6338,16066.18,2025
010.000.1545.00,Atosiban. Solucion Inyectable Cada Frasc,Envase,40,349.89,13995.6,2025
010.000.1546.00,Atosiban. Solucion Inyectable Cada Frasc,Envase,184,398.0,73232.0,2025
010.000.1561.00,Metronidazol. Ovulo O Tableta Vaginal Ca,Tableta,50,0.58,29.0,2025
010.000.1562.00,Nitrofural. Ovulo Cada Ovulo Contiene: N,Ovulo,1896,2.0166,3823.47,2025
010.000.1566.00,Nistatina. Ovulo O Tableta Vaginal Cada,Tableta,3696,0.5383,1989.56,2025
010.000.1591.00,Inmunoglobulina Anti D de 0.300 Mg,Envase,1,813.36,813.36,2025
010.000.1701.00,Fumarato Ferroso. Tableta. Cada Tableta,Tableta,1708,0.1348,230.24,2025
010.000.1702.00,Fumarato Ferroso. Suspension Oral. Cada,Envase,101,9.5,959.5,2025
010.000.1703.00,Sulfato Ferroso. Tableta Cada Tableta Co,Tableta,37583,0.2323,8730.53,2025
010.000.1705.00,Hierro Dextran. Solucion Inyectable Cada,Ampolleta,4783,10.8366,51831.46,2025
010.000.1711.00,Acido Folico. Tableta. Cada Tableta Cont,Tableta,9201,0.0425,391.04,2025
010.000.1714.00,Sacarato Ferrico. Sol. Iny.La Amp. Conti,Pieza,7573,49.77,376908.21,2025
010.000.1732.01,Fitomenadiona. Solucion O Emulsion Inyec,Ampolleta,883,37.278,32916.47,2025
010.000.1752.00,Ciclofosfamida 200 Mg. Solucion Inyectab,Fco/Amp,7600,63.6,483360.0,2025
010.000.1754.00,Clorambucilo. Tableta. Cada Tableta Cont,Tableta,8375,28.28,236845.0,2025
010.000.1755.00,Busulfan. Tableta Cada Tableta Contiene:,Tableta,725,19.216,13931.6,2025
010.000.1756.00,Melfalan. Tableta Cada Tableta Contiene:,Tableta,1150,45.6567,52505.21,2025
010.000.1759.00,Metotrexato. Tableta Cada Tableta Contie,Tableta,29400,1.198,35221.2,2025
010.000.1760.00,"Metrotexato Solucion Inyectable, Cada Fr",Frasco,6564,97.3376,638924.01,2025
010.000.1760.01,Metotrexato. Solución Inyectable Cada Fr,Frasco,170,37.501,6375.17,2025
010.000.1761.01,Mercaptopurina. Tableta Cada Tableta Con,Tableta,3800,34.3479,130522.02,2025
010.000.1767.00,Bleomicina de 15 Ui Solucion Inyectablee,Envase,500,1184.0,592000.0,2025
010.000.1768.00,Vincristina de 1 Mg Solucion Inyectablee,Envase,116,202.0,23432.0,2025
010.000.1775.00,Citarabina Solucion Inyectable de 500 Mg,Envase,1428,202.2579,288824.28,2025
010.000.1776.00,Metotrexato. Solucion Inyectable Cada Fr,Envase,1353,179.9304,243445.83,2025
010.000.1903.00,Trimetoprima-Sulfametoxazol 80/400 Mg Co,Tableta,15393,0.4492,6914.54,2025
010.000.1904.00,Trimetoprima-Sulfametoxazol. Suspension,Envase,183,9.0,1647.0,2025
010.000.1911.00,Nitrofurantoina. Capsula Cada Capsula Co,Capsula,3156,0.4954,1563.48,2025
010.000.1921.00,Bencilpenicilina Sodica Cristalina Soluc,Envase,10,9.3073,93.07,2025
010.000.1924.00,Bencilpenicilina Procainica 600 000 Ui C,Fco Amp,7,10.95,76.65,2025
010.000.1925.00,Benzatina Bencilpenicilina. Susp Iny. Ca,Fco Amp,14,19.98,279.72,2025
010.000.1931.00,Ampicilina de 500 Mg Solucion Inyectable,Envase,4456,16.4555,73325.71,2025
010.000.1933.00,Bencilpenicilina Sodica Cristalina Soluc,Envase,1465,20.0476,29369.73,2025
010.000.1935.00,Cefotaxima 1 G Solucion Inyectable Envas,Envase,1645,14.65,24099.25,2025
010.000.1937.00,Ceftriaxona Sodica de 1 G Solucion Inyec,Envase,53372,10.5,560406.0,2025
010.000.1938.00,Bencilpenicilina Benzatinica Compuesta.S,Envase,56,13.73,768.88,2025
010.000.1939.00,Cefalexina. Tableta O Capsula. Cada Tabl,Tableta,3541,1.35,4780.35,2025
010.000.1940.00,Doxiciclina. Capsula O Tableta Cada Caps,Tableta,4400,1.323,5821.2,2025
010.000.1941.00,Doxiciclina. Capsula O Tableta Cada Caps,Capsula,252,6.4285,1619.98,2025
010.000.1954.00,Gentamicina. Solucion Inyectable. Cada A,Envase,185,5.0,925.0,2025
010.000.1956.00,"Amikacina de 500 Mg, Solucion Inyectable",Envase,7590,9.64,73167.6,2025
010.000.1956.01,Amikacina. Solución Inyectable Cada Ampo,Ampolletas,36,8.035,289.26,2025
010.000.1957.00,Amikacina Solucion Inyectable Cada Ampol,Envase,330,3.99,1316.7,2025
010.000.1969.00,Azitromicina. Tableta Cada Tableta Conti,Tableta,42,3.7333,156.8,2025
010.000.1969.01,Azitromicina. Tableta Cada Tableta Conti,Tableta,192,3.6335,697.63,2025
010.000.1973.00,Clindamicina. Solucion Inyectable Cada A,Envase,7583,3.5,26540.5,2025
010.000.2012.00,Amfotericina B O Anfotericina B. Solucio,Envase,432,112.2065,48473.21,2025
010.000.2111.01,Amlodipino de 5Mg Tableta O Capsula,Tableta,60186,0.2267,13644.17,2025
010.000.2112.00,Diltiazem. Tableta O Gragea. Cada Tablet,Tableta,1920,1.2204,2343.17,2025
010.000.2119.00,Betametasona. Ungüento Cada 100 Gramos C,Envase,37,54.0,1998.0,2025
010.000.2123.00,Mupirocina. Ungüento Cada 100 Gramos Con,Envase,62,43.45,2693.9,2025
010.000.2128.01,Amoxicilina. Capsula Cada Capsula Contie,Capsula,15,1.4666,22.0,2025
010.000.2129.00,Amoxicilina Acido Clavulánico. Suspensió,Envase,8,18.81,150.48,2025
010.000.2131.00,Cefaclor. Capsula Cada Capsula Contiene:,Capsula,30,5.3333,160.0,2025
010.000.2132.00,Claritromicina. Tableta Cada Tableta Con,Tableta,50,4.83,241.5,2025
010.000.2133.00,Clindamicina. Capsula Cada Capsula Conti,Capsula,5872,1.1868,6968.89,2025
010.000.2139.01,Ribavirina 400 Mg. Cada Capsula Contiene,Capsula,720,15.5,11160.0,2025
010.000.2144.00,Loratadina. Tableta O Gragea. Cada Table,Tableta,17210,0.214,3682.94,2025
010.000.2145.00,Loratadina. Jarabe Cada 100 Ml Contienen,Envase,79,9.15,722.85,2025
010.000.2154.01,Enoxaparina. Solucion Inyectable Cada Je,Jeringa,49171,57.4234,2823566.0,2025
010.000.2156.00,Espironolactona. Tableta Cada Tableta Co,Tableta,4446,3.0329,13484.27,2025
010.000.2169.00,Levocarnitina. Solucion Inyectable. Cada,Ampolleta,25,9.2,230.0,2025
010.000.2171.00,Levocarnitina 1G. Tableta Masticable. En,Tableta,1011,9.2,9301.2,2025
010.000.2172.00,Alcohol Polivinilico. Solucion Oftalmica,Envase,350,195.0,68250.0,2025
010.000.2176.00,Dexametasona. Solucion Oftalmica. Cada 1,Envase,557,77.5929,43219.25,2025
010.000.2179.00,Fluorometalona. Solucion Oftalmica Cada,Envase,43,176.0,7568.0,2025
010.000.2186.00,Prednisolona-Sulfacetamida. Suspension O,Envase,21,234.57,4925.97,2025
010.000.2187.00,Ipratropio. Solucion Cada 100 Ml Contien,Envase,605,16.288,9854.24,2025
010.000.2188.00,Ipratropio-Salbutamol. Solucion. Cada Am,Ampolleta,172766,2.384,411874.14,2025
010.000.2190.01,Ipratropio-Salbutamol. Solución Para Inh,Envase,72,830.96,59829.12,2025
010.000.2192.00,"Acido Folinico de 50 Mg, Solucion Inyect",Envase,451,84.7481,38221.39,2025
010.000.2195.00,Ondansetron. Tableta Cada Tableta Contie,Tableta,3090,0.987,3049.83,2025
010.000.2204.00,Deferasirox. Comprimido. Cada Comprimido,Comprimido,504,36.9642,18629.96,2025
010.000.2206.00,Deferasirox. Comprimido. Cada Comprimido,Comprimido,588,34.2857,20159.99,2025
010.000.2208.00,Levonorgestrel. Polvo el Dispositivo Con,Envase,109,580.0,63220.0,2025
010.000.2210.00,Levonorgestrel. Comprimido O Tableta Cad,Tableta,118,4.08,481.44,2025
010.000.2242.00,Carbon Activado. Polvo. Cada Envase Cont,Envase,1,2775.485,2775.49,2025
010.000.2247.00,Cinitaprida. Comprimido Cada Comprimido,Comprimido,700,0.2192,153.44,2025
010.000.2248.00,Cinitaprida. Granulado Cada Sobre Contie,Sobre,30,16.5,495.0,2025
010.000.2301.00,Hidroclorotiazida. Tableta Cada Tableta,Tableta,1401,0.2618,366.78,2025
010.000.2302.00,Acetazolamida. Tableta Cada Tableta Cont,Tableta,180,2.95,531.0,2025
010.000.2304.01,Espironolactona. Tableta Cada Tableta Co,Tableta,65533,0.5067,33205.57,2025
010.000.2306.00,Manitol. Solucion Inyectable Al 20% Cada,Envase,751,29.5452,22188.45,2025
010.000.2307.00,Furosemida. Tableta. Cada Tableta Contie,Tableta,294320,0.1745,51358.84,2025
010.000.2308.00,Furosemida. Solucion Inyectable. Cada Am,Ampolleta,139875,1.792,250656.0,2025
010.000.2350.00,Solucion Para Dialisis Peritoneal Baja E,Bolsa,168,203.9,34255.2,2025
010.000.2352.00,Solucion Para Dialisis Peritoneal Baja E,Bolsa,177,93.5,16549.5,2025
010.000.2353.00,Solucion Para Dialisis Peritoneal Baja E,Envase,64,203.9,13049.6,2025
010.000.2354.00,Solucion Para Dialisis Peritoneal Baja E,Bolsa,219,93.5,20476.5,2025
010.000.2355.00,Solucion Para Dialisis Peritoneal Baja E,Pieza,148,203.9,30177.2,2025
010.000.2356.00,Solucion Para Dialisis Peritoneal Baja E,Bolsa,417,93.5,38989.5,2025
010.000.2363.00,Solucion Para Dialisis Peritoneal Con Ic,Pieza,1,187.78,187.78,2025
010.000.2364.00,Solucion Para Dialisis Peritoneal Con Ic,Pieza,353,187.78,66286.34,2025
010.000.2417.00,Isoniazida y Rifampicina. Tableta Recubi,Tableta,90,10.0486,904.37,2025
010.000.2418.00,Isoniazida/Rifampicina/Pirazinamida/Etam,Tableta,1200,5.4239,6508.68,2025
010.000.2462.00,Ambroxol. Comprimido Cada Comprimido Con,Comprimido,60,0.1839,11.03,2025
010.000.2463.00,Ambroxol. Solucion Cada 100 Ml Contienen,Envase,737,7.0,5159.0,2025
010.000.2471.00,Clorfenamina Compuesta. Tableta. Cada Ta,Tableta,740,0.4901,362.67,2025
010.000.2482.00,Prednisolona. Solucion Oral. Cada 100 Ml,Envase,47,77.22,3629.34,2025
010.000.2501.00,Enalapril. Capsula O Tableta Cada Capsul,Tableta,25399,0.1666,4231.47,2025
010.000.2503.02,Alopurinol. Tableta. Cada Tableta Contie,Tableta,12240,5.9689,73059.34,2025
010.000.2504.00,Ketoprofeno. Capsula Cada Capsula Contie,Capsula,375,0.8768,328.8,2025
010.000.2508.00,Beclometasona Dipropionato de 250 Ug Sus,Envase,41,47.7497,1957.74,2025
010.000.2512.01,Aminoácidos Cristalinos Sol. Iny. Al 10%,Pieza,2321,258.36,599653.56,2025
010.000.2520.00,Losartan. Gragea O Comprimido Recubierto,Comprimido,1385,0.2333,323.12,2025
010.000.2521.00,Losartan 50 Mg E Hidroclorotiazida 12.5,Comprimido,100440,0.3605,36208.62,2025
010.000.2523.00,Nitazoxanida. Gragea O Tableta Recubiert,Tableta,12,6.1,73.2,2025
010.000.2540.00,Telmisartan. Tableta Cada Tableta Contie,Tableta,15150,0.4204,6369.06,2025
010.000.2618.00,Levetiracetam. Tableta Cada Tableta Cont,Tableta,22020,1.314,28934.28,2025
010.000.2620.00,Acido Valproico. Capsula Cada Capsula Co,Capsula,915,2.2333,2043.47,2025
010.000.2623.00,Valproato de Magnesio. Solucion Cada Ml,Envase,685,38.2,26167.0,2025
010.000.2624.00,Fenitoina. Solucion Inyectable Cada Ampo,Envase,8451,6.17,52142.67,2025
010.000.2626.00,Oxcarbazepina. Gragea O Tableta Cada Gra,Tableta,2060,4.55,9373.0,2025
010.000.2627.00,Oxcarbazepina. Gragea O Tableta Cada Gra,Grag.O Tab,684,3.3121,2265.48,2025
010.000.2628.00,Oxcarbazepina. Suspension Oral Cada 100,Envase,14,140.0,1960.0,2025
010.000.2630.00,Valproato Semisodico 500 Mg. Tableta De,Tableta,1469,2.807,4123.48,2025
010.000.2662.00,Piridostigmina. Gragea O Tableta Cada Gr,Tableta,80,1.6,128.0,2025
010.000.2710.00,Vit y Min. Cada Tab Contiene: Monohidrat,Tableta,12390,1.9667,24367.41,2025
010.000.2714.00,Complejo B. Tab Comp. O Cap. Contiene: M,Tableta,2026,0.246,498.4,2025
010.000.2736.00,Dieta Elemental. Polvo,Sobre,84,91.0665,7649.59,2025
010.000.2738.00,Aminoacidos Cristalinos. Sol. Iny. Al 10,Pieza,3830,112.98,432713.4,2025
010.000.2739.00,Dieta Polimerica a Base de Caseinato De,Pieza,93,69.8282,6494.02,2025
010.000.2742.01,Alanina y Levoglutamina. Sol Iny. Cada 1,Envase,2249,575.0,1293175.0,2025
010.000.2804.00,Nafazolina. Solucion Oftalmica Cada Ml C,Envase,1,18.0,18.0,2025
010.000.2821.00,Cloranfenicol. Solucion Oftalmica. Cada,Envase,1053,16.0,16848.0,2025
010.000.2841.00,"Prednisolona de 5Mg, Solucion Oftalmica",Envase,28,72.0,2016.0,2025
010.000.2858.00,Timolol. Solucion Oftalmica Cada Ml Cont,Envase,44,49.3114,2169.7,2025
010.000.2871.00,Fenilefrina. Solucion Oftalmica Cada Ml,Envase,20,139.0,2780.0,2025
010.000.2872.00,Atropina. Solucion Oftalmica Cada Ml Con,Envase,6,187.0,1122.0,2025
010.000.2899.00,Cloruro de Sodio. Pomada O Solucion Ofta,Envase,6,105.0,630.0,2025
010.000.3003.00,Dacarbazina. Solucion Inyectable Cada Fr,Fco/Amp,123,176.5,21709.5,2025
010.000.3012.00,Fluorouracilo. Solucion Inyectable. Cada,Fco/Amp,370,59.5,22015.0,2025
010.000.3045.00,Medroxiprogesterona 150 Mg. Susp Iny. En,Fco Amp,24,95.54,2292.96,2025
010.000.3047.00,Tamoxifeno. Tableta Cada Tableta Contien,Tableta,14616,1.7486,25557.54,2025
010.000.3048.00,Goserelina Implante de Liberacion Prolon,Pieza,7,1535.48,10748.36,2025
010.000.3049.00,Goserelina. Implante de Liberacion Prolo,Envase,8,3421.25,27370.0,2025
010.000.3112.00,Difenidol. Solucion Inyectable. Cada Amp,Ampolleta,365,3.615,1319.48,2025
010.000.3150.00,Levocetirizina. Tableta Cada Tableta Con,Tableta,56,0.525,29.4,2025
010.000.3406.00,Acemetacina. Cápsula de Liberación Prolo,Capsula,28,8.4821,237.5,2025
010.000.3406.01,Acemetacina. Cápsula de Liberación Prolo,Capsula,28,7.1428,200.0,2025
010.000.3407.00,Naproxeno. Tableta Cada Tableta Contiene,Tableta,1800,0.3457,622.26,2025
010.000.3409.00,Colchicina. Tableta. Cada Tableta Contie,Tableta,1110,0.4933,547.56,2025
010.000.3413.00,Indometacina. Capsula Cada Capsula Conti,Capsula,1620,0.239,387.18,2025
010.000.3415.00,Piroxicam. Capsula O Tableta Cada Capsul,Tableta,2200,0.2433,535.26,2025
010.000.3417.00,Diclofenaco. Capsula O Gragea de Liberac,Tableta,2779,0.24,666.96,2025
010.000.3423.00,Meloxicam. Tableta Cada Tableta Contiene,Tableta,1440,0.415,597.6,2025
010.000.3432.00,Dexametasona. Tableta. Cada Tableta Cont,Tableta,16989,0.4482,7614.47,2025
010.000.3433.00,Metilprednisolona. Suspension Inyectable,Envase,1412,16.78,23693.36,2025
010.000.3451.00,Alopurinol. Tableta. Cada Tableta Contie,Tableta,99448,0.5015,49873.17,2025
010.000.3461.00,Azatioprina. Tableta Cada Tableta Contie,Tableta,233200,1.638,381981.6,2025
010.000.3504.00,Levonorgestrel y Etinilestradiol. Gragea,Gragea,441,0.4854,214.06,2025
010.000.3505.00,Desogestrel y Etinilestradiol. Tableta.,Tableta,3402,2.422,8239.64,2025
010.000.3507.00,Levonogestrel y Etinilestradiol. Gragea.,Gragea,280,0.5538,155.06,2025
010.000.3509.00,Medroxiprogesterona y Cipionato de Estra,Ampolleta,58,11.2537,652.71,2025
010.000.3510.00,Etonogestrel. Implante el Implante Conti,Implante,144,790.0,113760.0,2025
010.000.3601.00,Glucosa. Solucion Inyectable Al 5%. Cada,Envase,9738,8.29,80728.02,2025
010.000.3603.00,Glucosa. Solucion Inyectable Al 5%. Cada,Envase,16627,13.57,225628.39,2025
010.000.3604.00,Glucosa. Solucion Inyectable Al 10%. Cad,Envase,8551,10.92,93376.92,2025
010.000.3605.00,Glucosa. Solucion Inyectable Al 10%. Cad,Envase,1813,13.05,23659.65,2025
010.000.3606.00,Glucosa. Solucion Inyectable Al 50% Cada,Envase,4579,20.14,92221.06,2025
010.000.3607.00,Glucosa. Solucion Inyectable Al 50% Cada,Envase,47068,13.4,630711.2,2025
010.000.3608.00,Cloruro de Sodio Solucion Inyectable Al,Envase,156349,7.03,1099133.47,2025
010.000.3609.00,Cloruro de Sodio Solucion Inyectable Al,Envase,45322,8.46,383424.12,2025
010.000.3610.00,Cloruro de Sodio Solucion Inyectable Al,Envase,71341,11.66,831836.06,2025
010.000.3612.00,Cloruro de Sodio y Glucosa Solucion Inye,Envase,8570,9.46,81072.2,2025
010.000.3614.00,"Solucion Hartman, Solucion Inyectable En",Envase,93535,8.85,827784.75,2025
010.000.3615.00,"Solucion Hartman, Solucion Inyectable En",Envase,76791,8.4,645044.4,2025
010.000.3616.00,"Solucion Hartman, Solucion Inyectable En",Envase,81213,10.06,817002.78,2025
010.000.3617.00,Fosfato de Potasio Solucion Inyectable E,Ampolleta,71100,6.2086,441431.46,2025
010.000.3618.00,Bicarbonato de Sodio Solucion Inyectable,Envase,16291,50.5,822695.5,2025
010.000.3619.00,Bicarbonato de Sodio Solucion Inyectable,Ampolleta,37995,4.1927,159301.64,2025
010.000.3620.00,Gluconato de Calcio. Solucion Inyectable,Ampolleta,181121,5.92,1072236.32,2025
010.000.3622.00,Electrolitos Orales. Polvo (Formula de O,Envase,148,2.7097,401.04,2025
010.000.3623.00,Electrolitos Orales. Solucion. Cada Sobr,Envase,869,2.7666,2404.18,2025
010.000.3625.00,Glucosa Solucion Inyectable Al 5% Envase,Envase,39425,6.55,258233.75,2025
010.000.3626.00,Cloruro de Sodio. Solucion Inyectable Al,Envase,32748,5.98,195833.04,2025
010.000.3627.00,Cloruro de Sodio. Solucion Inyectable Al,Envase,333727,6.5252,2177635.42,2025
010.000.3629.00,Sulfato de Magnesio Solucion Inyectable,Ampolleta,49750,3.5795,178080.13,2025
010.000.3630.00,Glucosa Al 5% Solucion Inyectable Envase,Envase,8602,11.3,97202.6,2025
010.000.3661.00,Poligelina. Solucion Inyectable Cada 100,Envase,18,114.0,2052.0,2025
010.000.3664.00,Poligelina. Solucion Inyectable Cada 100,Envase,10,156.83,1568.3,2025
010.000.3666.01,Almidon. Solucion Inyectable Al 6 % Cada,Envase,273,94.0,25662.0,2025
010.000.3673.00,Agua Inyectable. Solucion Inyectable Cad,Ampolleta,40,1.2885,51.54,2025
010.000.3674.00,Agua Inyectable. Solucion Inyectable Cad,Ampolleta,61768,1.1752,72589.75,2025
010.000.3675.00,Agua Inyectable. Solucion Inyectable Cad,Envase,223144,11.55,2577313.2,2025
010.000.3826.00,L-Ornitina-L-Aspartato. Solucion Inyecta,Ampolleta,3735,104.6,390681.0,2025
010.000.4024.05,Ezetimiba. Tableta Cada Tableta Contiene,Tableta,8730,0.837,7307.01,2025
010.000.4025.00,Ezetimiba-Simvastatina. Comprimido Conti,Comprimido,56,1.0928,61.2,2025
010.000.4028.00,Clonixinato de Lisina Solucion Inyectabl,Ampolleta,23435,3.022,70820.57,2025
010.000.4055.00,Clorhidrato de Bupivacaina 15 Mg Dextros,Ampolleta,90,3.004,270.36,2025
010.000.4059.00,Rocuronio Bromuro De. Solucion Inyectabl,Fco/Amp,22,28.0312,616.69,2025
010.000.4095.00,Irbesartan. Tableta Cada Tableta Contien,Tableta,312,0.781,243.67,2025
010.000.4096.00,Irbesartan. Tableta Cada Tableta Contien,Tableta,106,1.6347,173.28,2025
010.000.4097.00,Irbesartan-Hidroclorotiazida. Tableta Ca,Tableta,315,0.79,248.85,2025
010.000.4107.00,Amiodarona. Solucion Inyectable. Cada Am,Ampolleta,2463,7.425,18287.78,2025
010.000.4110.00,Amiodarona. Tableta. Cada Tableta Contie,Tableta,1910,1.3429,2564.94,2025
010.000.4111.00,Trinitrato de Glicerilo. Parche Cada Par,Parche,133,10.8506,1443.13,2025
010.000.4112.00,Resina de Colestiramina. Polvo. Cada Sob,Sobre,124,10.201,1264.92,2025
010.000.4114.00,Trinitrato de Glicerilo. Solucion Inyect,Envase,529,341.3032,180549.39,2025
010.000.4117.00,Pentoxifilina. Tableta O Gragea de Liber,Tableta,90,1.3333,120.0,2025
010.000.4120.00,Isosorbida Mononitrato De. Tableta Cada,Tableta,200,4.6,920.0,2025
010.000.4124.01,Simvastatina. Tableta Cada Tableta Conti,Tableta,2220,0.75,1665.0,2025
010.000.4126.00,Sulfadiazina de Plata. Crema Cada 100 Gr,Envase,18,80.0,1440.0,2025
010.000.4131.00,Pimecrolimus. Crema Cada 100 G Contiene:,Pieza,39,134.0,5226.0,2025
010.000.4132.00,Mometasona. Ungüento Cada 100 Gramos Con,Envase,95,192.21,18259.95,2025
010.000.4136.00,Clindamicina. Gel Cada 100 Gramos Contie,Pieza,31,17.0,527.0,2025
010.000.4140.00,Imiquimod. Crema Al 5% Cada Sobre Contie,Sobre,132,4.0,528.0,2025
010.000.4141.00,Mometasona. Suspencion Para Inhalacion.C,Envase,158,30.8,4866.4,2025
010.000.4145.00,Lutropina Alfa. Solucion Inyectable Cada,Envase,36,836.87,30127.32,2025
010.000.4148.01,Insulina Lispro/Lisproprotamina 25Ui/75U,Ampula,263,266.33,70044.79,2025
010.000.4149.00,Pioglitazona. Tableta Cada Tableta Conti,Tableta,20,0.7,14.0,2025
010.000.4154.00,Vasopresina. Solucion Inyectable Cada Am,Envase,8130,88.43,718935.9,2025
010.000.4155.01,Gonadotrofinas Postmenopausicas Humanas.,Fco/Amp,5,331.296,1656.48,2025
010.000.4158.00,Insulina Glargina. Solucion Inyectable C,Envase,2153,62.0425,133577.5,2025
010.000.4158.01,Insulina Glargina. Solucion Inyectable C,Cartucho,22138,68.602,1518711.08,2025
010.000.4161.00,Acido Alendronico 10 Mg. Tableta O Compr,Tableta,150,0.2666,39.99,2025
010.000.4162.00,Insulina Lispro. Solucion Inyectable. Ca,Fco/Amp,687,195.57,134356.59,2025
010.000.4164.00,Acido Alendronico. Tableta O Comprimido,Tableta,812,2.259,1834.31,2025
010.000.4165.01,Nsulina Detemir. Solución Inyectable. Ca,Pluma,45,124.8,5616.0,2025
010.000.4174.00,Teriparatida. Solucion Inyectable Cada M,Pieza,1,3148.95,3148.95,2025
010.000.4175.01,Mesalazina. Supositorio Cada Supositorio,Supositori,196,24.8207,4864.86,2025
010.000.4184.00,Loperamida. Comprimido Tableta O Gragea.,Tableta,18677,0.2103,3927.77,2025
010.000.4185.00,Acido Ursodeoxicolico. Capsula Cada Caps,Capsula,104656,2.8826,301681.39,2025
010.000.4188.01,Pancreatina. Capsula O Gragea Con Capa E,Capsula,200,7.959,1591.8,2025
010.000.4189.00,Mesalazina. Supositorio Cada Supositorio,Supositori,150,6.2333,935.0,2025
010.000.4190.00,Pancreatina Capsula (Con Microesferas Ac,Capsula,5167,2.8,14467.6,2025
010.000.4191.00,Polietilenglicol. Polvo. Cada Sobre Cont,Sobre,1791,25.25,45222.75,2025
010.000.4201.00,Hidralazina. Solucion Inyectable Cada Am,Fco/Amp,1131,25.4023,28730.0,2025
010.000.4206.00,Estriol. Crema Cada 100 G Contienen: Est,Pieza,128,129.0437,16517.59,2025
010.000.4207.00,Progesterona. Gel Cada Aplicador Contien,Aplicador,18,176.5,3177.0,2025
010.000.4215.00,Progesterona. Gel Cada 100 G Contienen:,Gramo,5,111.29,556.45,2025
010.000.4217.00,Progesterona. Capsula O Perla. Cada Caps,Cap O Perl,446,11.0264,4917.77,2025
010.000.4217.01,Progesterona. Capsula O Perla Cada Capsu,Capsula,595,8.6666,5156.63,2025
010.000.4218.00,Comp Coag Anti-Inhibidor del Factor Viii,Envase,36,8320.0,299520.0,2025
010.000.4219.00,Comp Coag Anti-Inhibidor del Factor Viii,Envase,19,16640.0,316160.0,2025
010.000.4220.00,Fondaparinux. Solucion Inyectable Cada J,Jeringa,732,350.0,256200.0,2025
010.000.4224.00,Enoxaparina. Solucion Inyectable Cada Je,Jeringa,5809,44.9568,261154.05,2025
010.000.4224.01,Enoxaparina. Solucion Inyectable Cada Je,Jeringa,200,72.85,14570.0,2025
010.000.4225.00,Imatinib. Comprimido Recubierto Cada Com,Comprimido,8940,7.486,66924.84,2025
010.000.4226.00,Hidroxicarbamida. Capsula Cada Capsula C,Capsula,600,11.6661,6999.66,2025
010.000.4227.00,Imatinib. Comprimido Cada Comprimido Con,Comprimido,4230,10.3256,43677.29,2025
010.000.4228.00,Daunorubicina 20 Mg. Solucion Inyectable,Envase,284,189.1262,53711.84,2025
010.000.4230.00,Etoposido. Solucion Inyectable Cada Ampo,Fco/Amp,5070,50.5938,256510.57,2025
010.000.4231.00,Inmunoglobulina Antilinfocitos T Humanos,Frasco,191,4166.5163,795804.61,2025
010.000.4233.00,Mitoxantrona Solucion Inyectable de 20 M,Envase,74,1477.7018,109349.93,2025
010.000.4236.00,Ciclosporina. Solucion Inyectable Cada A,Ampolleta,340,47.9456,16301.5,2025
010.000.4238.02,Eptacog Alfa (F de Coag Vii A-Recombinan,Envase,98,11387.62,1115986.76,2025
010.000.4241.00,Dexametasona de 8 Mg. Sol. Iny.Envase C/,Envase,16850,2.62,44147.0,2025
010.000.4242.00,Enoxaparina. Solucion Inyectable. Cada J,Jeringa,97,24.0,2328.0,2025
010.000.4245.02,Eptacog Alfa (F de Coag Vii A-Recombinan,Envase,275,22775.25,6263193.75,2025
010.000.4246.01,Clopidogrel 75 Mg. Gragea O Tableta.Enva,Tableta,616,0.4607,283.79,2025
010.000.4249.00,Levofloxacino. Solucion Inyectable Cada,Envase,1487,16.81,24996.47,2025
010.000.4250.02,Eptacog Alfa (F de Coag Vii A-Recombinan,Envase,35,56938.12,1992834.2,2025
010.000.4251.00,Vancomicina 500 Mg. Solucion Inyectable,Envase,14668,16.98,249062.64,2025
010.000.4252.00,Moxifloxacino. Tableta Cada Tableta Cont,Tableta,112,4.5,504.0,2025
010.000.4253.00,Moxifloxacino Solucion Inyectable Cada 1,Envase,58,48.74,2826.92,2025
010.000.4254.00,Ceftazidima 1 G. Solucion Inyectable. En,Envase,590,19.37,11428.3,2025
010.000.4255.00,Ciprofloxacino. Capsula O Tableta Clorhi,Capsula,1240,0.5,620.0,2025
010.000.4256.00,Talidomida. Tableta O Capsula Cada Table,Tableta,7600,11.4329,86890.04,2025
010.000.4258.00,Ciprofloxacina. Suspension Oral. Cada 5,Pieza,84,258.04,21675.36,2025
010.000.4259.00,Ciprofloxacino. Solucion Inyectable Cada,Envase,3384,14.57,49304.88,2025
010.000.4260.00,Nistatina. Suspension Oral Cada Frasco C,Envase,3147,15.5,48778.5,2025
010.000.4263.00,Aciclovir. Comprimido O Tableta Cada Com,Tableta,727,0.6,436.2,2025
010.000.4264.00,Aciclovir. Solucion Inyectable Cada Fras,Fco/Amp,2653,31.618,83882.55,2025
010.000.4290.00,Linezolid. Tableta. Cada Tableta Contien,Tableta,40,10.742,429.68,2025
010.000.4291.00,Linezolid. Solucion Inyectable. Cada 100,Envase,634,64.0,40576.0,2025
010.000.4294.00,Ciclosporina. Emulsion Oral Cada Ml Cont,Envase,355,145.45,51634.75,2025
010.000.4298.00,Ciclosporina. Capsula de Gelatina Blanda,Capsula,1800,2.9,5220.0,2025
010.000.4299.00,Levofloxacino. Tableta Cada Tableta Cont,Tableta,161,1.5371,247.47,2025
010.000.4300.00,Levofloxacino. Tableta Cada Tableta Cont,Tableta,56,1.8707,104.76,2025
010.000.4301.00,Ertapenem. Solucion Inyectable. Cada Fra,Envase,4484,210.0,941640.0,2025
010.000.4305.00,Oxibutinina. Tableta Cada Tableta Contie,Tableta,477,2.26,1078.02,2025
010.000.4306.00,Ciclosporina. Capsula de Gelatina Blanda,Capsula,5900,2.2,12980.0,2025
010.000.4307.00,Cilostazol. Tableta Cada Tableta Contien,Tableta,5344,2.8806,15393.93,2025
010.000.4308.01,Sildenafil. Tableta Cada Tableta Contien,Tableta,3153,1.5975,5036.92,2025
010.000.4309.01,Sildenafil. Tableta Cada Tableta Contien,Tableta,1064,2.08,2213.12,2025
010.000.4312.01,Tadalafil. Tableta Cada Tableta Contiene,Tableta,368,17.25,6348.0,2025
010.000.4322.01,Nilotinib. Capsula Cada Capsula Contiene,Capsula,1200,276.276,331531.2,2025
010.000.4323.00,Dasatinib. Tableta Cada Tableta Contiene,Tableta,1200,60.763,72915.6,2025
010.000.4334.00,Budesonida. Polvo. Cada Dosis Contiene:,Envase,2179,188.87,411547.73,2025
010.000.4340.00,Omalizumab. Solucion Inyectable Cada Fra,Pieza,300,4445.01,1333503.0,2025
010.000.4352.00,Toxina Botulinica Tipo a 500 U/3 Ml. Sol,Fco/Amp,747,3340.66,2495473.02,2025
010.000.4356.01,Pregabalina. Capsula Cada Capsula Contie,Capsula,1432,0.4621,661.73,2025
010.000.4358.00,Pregabalina. Cápsula Cada Cápsula Contie,Capsula,1584,3.99,6320.16,2025
010.000.4358.01,Pregabalina. Capsula Cada Capsula Contie,Capsula,34434,0.8185,28184.23,2025
010.000.4359.00,Gabapentina. Capsula. Cada Capsula Conti,Tableta,1539,0.7565,1164.25,2025
010.000.4361.00,Zolmitriptano. Tableta Dispersable Cada,Tableta,66,1.815,119.79,2025
010.000.4362.00,Toxina Botulinica Tipo A. Solucion Inyec,Pieza,74,1806.58,133686.92,2025
010.000.4364.01,Donepecilo. Tableta Cada Tableta Contien,Tableta,1036,0.9196,952.71,2025
010.000.4365.01,Donepecilo. Tableta Cada Tableta Contien,Tableta,1624,0.8485,1377.96,2025
010.000.4370.00,Efavirenz. Comprimido Recubierto. Cada C,Comprimido,60,2.9956,179.74,2025
010.000.4372.01,Valaciclovir. Comprimido Recubierto Cada,Comprimido,546,8.2302,4493.69,2025
010.000.4373.00,Valganciclovir. Comprimido Cada Comprimi,Comprimido,8609,15.021,129315.79,2025
010.000.4380.00,Rivastigmina 18 Mg. Parche de 10 Cm2. En,Parche,210,17.7,3717.0,2025
010.000.4407.00,Tetracaina. Solucion Oftalmica Cada Ml C,Envase,268,105.0345,28149.25,2025
010.000.4409.00,Tropicamida. Solucion Oftalmica Cada 100,Envase,214,133.1648,28497.27,2025
010.000.4412.00,Dorzolamida y Timolol. Solucion Oftalmic,Envase,49,39.6893,1944.78,2025
010.000.4413.00,Brimonidina. Solucion Oftalmica Cada Ml,Envase,561,288.0,161568.0,2025
010.000.4416.00,Ciclosporina. Solucion Oftalmica Cada Ml,Frasco,8,597.319,4778.55,2025
010.000.4418.00,Travoprost. Solucion Oftalmica Cada Ml C,Envase,15,31.0,465.0,2025
010.000.4429.00,Dactinomicina. Solucion Inyectable Cada,Envase,17,6115.85,103969.45,2025
010.000.4431.00,Carboplatino. Solucion Inyectable. Cada,Envase,155,222.4715,34483.08,2025
010.000.4432.00,Ifosfamida. Solucion Inyectable. Cada Fr,Envase,940,339.146,318797.24,2025
010.000.4433.00,Mesna. Solucion Inyectable Cada Ampollet,Ampolleta,8910,37.8145,336927.2,2025
010.000.4434.00,Idarubicina Solucion Inyectable 5 Mgenva,Envase,90,536.73,48305.7,2025
010.000.4435.00,Vinorelbina. Solucion Inyectable Cada Fr,Envase,1,283.0,283.0,2025
010.000.4437.00,Palonosetron Sol. Iny. de 0.25 Mg Envase,Envase,9,76.1949,685.75,2025
010.000.4442.00,Aprepitant de 125 Mg.Envase Con Una Caps,Capsula,4545,223.368,1015207.56,2025
010.000.4444.00,Dexrazoxano. Solucion Inyectable. el Fra,Envase,27,1970.939,53215.35,2025
010.000.4445.00,Vinorelbina. Capsula Cada Capsula Contie,Capsula,4,562.86,2251.44,2025
010.000.4446.00,Vinorelbina. Capsula Cada Capsula Contie,Capsula,81,862.7379,69881.77,2025
010.000.4448.00,Bortezomib. Solucion Inyectable Cada Fra,Envase,326,217.2061,70809.19,2025
010.000.4480.00,Escitalopram. Tableta Cada Tableta Conti,Tableta,6692,1.2142,8125.43,2025
010.000.4483.01,Fluoxetina. Capsula O Tableta Cada Capsu,Capsula,212,0.4643,98.43,2025
010.000.4485.00,Duloxetina 60 Mg. Capsula de Liberacion,Capsula,1197,1.9394,2321.46,2025
010.000.4505.00,Deflazacort. Tableta. Cada Tableta Conti,Tableta,420,0.651,273.42,2025
010.000.4507.00,Deflazacort. Tableta. Cada Tableta Conti,Tabletas,60,2.9139,174.83,2025
010.000.4508.00,Infliximab. Solucion Inyectable el Frasc,Envase,5,1067.99,5339.95,2025
010.000.4510.00,Etanercept. Solución Inyectable Cada Fra,Ampula,1576,489.355,771223.48,2025
010.000.4511.01,Etanercept. Solucion Inyectable Cada Env,Jeringa,644,843.29,543078.76,2025
010.000.4512.00,Adalimumab. Sol Iny Cada Frasco Ámpula O,Jeringa,294,3892.0,1144248.0,2025
010.000.4512.02,Adalimumab. Sol Iny. Cada Fco Amp O Jeri,Fco Amp,838,621.7,520984.6,2025
010.000.4512.03,Adalimumab. Solucion Inyectable. Cada Je,Jeringa,9,584.43,5259.87,2025
010.000.4514.00,Leflunomida. Comprimido Cada Comprimido,Comprimido,16140,1.2633,20389.66,2025
010.000.4515.00,Leflunomida. Comprimido Cada Comprimido,Comprimido,24,22.6666,544.0,2025
010.000.4516.00,Tocilizumab. Solucion Inyectable Cada Fr,Envase,86,3355.0,288530.0,2025
010.000.4583.00,Oseltamivir. Capsula Cada Capsula Contie,Capsula,1,4.747,4.75,2025
010.000.4592.00,Piperaciclina-Tazobactam 4G/500 Mgsoluci,Envase,7447,36.0,268092.0,2025
010.000.5082.01,Tacrolimus. Capsula Cada Capsula Contien,Capsula,7500,17.7978,133483.5,2025
010.000.5084.00,Tacrolimus. Capsula Cada Capsula Contien,Capsula,37300,2.4114,89945.22,2025
010.000.5087.00,Sirolimus. Gragea O Talbeta Cada Gragea,Gragea,900,7.885,7096.5,2025
010.000.5097.00,Levosimendan. Solucion Inyectable Cada M,Envase,87,1371.3607,119308.38,2025
010.000.5099.00,Adenosina. Solucion Inyectable Cada Fras,Fco/Amp,957,29.9333,28646.17,2025
010.000.5100.01,Milrinona. Solucion Inyectable. Cada Amp,Ampolleta,188,55.1148,10361.58,2025
010.000.5105.00,Esmolol. Solucion Inyectable Cada Ampoll,Ampolleta,82,710.0,58220.0,2025
010.000.5106.01,Atorvastatina. Tableta Cada Tableta Cont,Tableta,77550,0.3714,28802.07,2025
010.000.5107.00,Alteplasa Solucion Inyectable de 50 Mg E,Fco/Amp,64,5899.775,377585.6,2025
010.000.5111.00,Valsartan. Comprimido Cada Comprimido Co,Comprimido,2890,0.8667,2504.76,2025
010.000.5117.00,Tenecteplasa Solucion Inyectable de 50 M,Envase,60,12062.2797,723736.78,2025
010.000.5132.00,Alantoina Alquitran de Hulla y Clioquino,Pieza,4,315.0,1260.0,2025
010.000.5160.00,Sevelamero. Comprimido Cada Comprimido C,Comprimido,54720,8.6555,473628.96,2025
010.000.5165.00,Metformina. Tableta Cada Tableta Contien,Tableta,52621,0.2487,13086.84,2025
010.000.5171.02,Octreotida. Suspension Inyectable. Cada,Frasco,84,10551.45,886321.8,2025
010.000.5176.00,Sucralfato. Tableta Cada Tableta Contien,Tableta,1841,0.5362,987.14,2025
010.000.5181.00,Octreotida. Solucion Inyectable Cada Fra,Envase,30,89.89,2696.7,2025
010.000.5186.01,Pantoprazol 40 Mg O Rabeprazol Sodico 20,Tableta,200060,0.3475,69520.85,2025
010.000.5186.02,Pantoprazol O Rabeprazol U Omeprazol. Ta,Tableta,26460,0.3475,9194.85,2025
010.000.5187.00,Omeprazol Solucion Inyectable 40 Mg. Env,Envase,74295,12.6909,942870.42,2025
010.000.5191.00,Terlipresina. Solucion Inyectable Cada F,Envase,3442,90.9817,313159.01,2025
010.000.5229.00,Acido Ascorbico. Solucion Inyectable Cad,Ampolleta,16692,11.9283,199107.18,2025
010.000.5233.00,Acido Folinico. Tableta Cada Tableta Con,Tableta,384,17.4167,6688.01,2025
010.000.5237.03,Inf(Ss). Sol.Iny. C/F Ámp O Jeringa Prell,Pieza,13,3006.39,39083.07,2025
010.000.5238.00,Factor Ix. Solucion Inyectable Cada Fras,Pieza,1,1590.0,1590.0,2025
010.000.5240.00,Inmuonglobulina G No Modificada. Solucio,Envase,68,11505.0,782340.0,2025
010.000.5250.01,Interferon Beta 1B Recomb Hum 8 Millones,Fco Amp,90,306.6,27594.0,2025
010.000.5250.02,Interferón (Beta). Solución Inyectable,Pieza,2,398.0,796.0,2025
010.000.5255.00,Trimetoprima y Sulfametoxazol. Solucion,Fco/Amp,15068,11.1066,167354.25,2025
010.000.5256.00,"Cefalotina de 1G, Soluciion Inyectable E",Envase,3032,65.5,198596.0,2025
010.000.5264.01,Cefuroxima 750 Mg. Solucion O Suspension,Fco/Amp,365,24.64,8993.6,2025
010.000.5265.00,Imipenem y Cilastina 500Mg/500Mg. Soluci,Envase,21111,50.66,1069483.26,2025
010.000.5267.00,Fluconazol. Capsula O Tableta Cada Capsu,Tableta,7622,0.9329,7110.56,2025
010.000.5268.00,"Ganciclovir de 500 Mg, Solucion Inyectab",Envase,1195,129.7,154991.5,2025
010.000.5284.00,Cefepima. Solucion Inyectable. el Frasco,Envase,361,19.92,7191.12,2025
010.000.5292.00,Meropenem. Solucion Inyectable Cada Fras,Envase,11940,41.57,496345.8,2025
010.000.5301.00,Acido Micofenolico de 180Mg Gragea Con C,Tableta,120,17.1,2052.0,2025
010.000.5302.00,Nitrofurantoina. Suspension Oral Cada 10,Envase,2,240.4034,480.81,2025
010.000.5303.00,Acido Micofenolico de 360 Mg Gragea Con,Tableta,65760,23.2646,1529880.1,2025
010.000.5306.00,Acido Micofenolico. Comprimido Cada Comp,Comprimido,85250,2.7511,234531.28,2025
010.000.5307.00,Plerixafor. Solucion Inyectable Cada Fra,Envase,9,57804.3,520238.7,2025
010.000.5308.01,Basiliximab. Solucion Inyectable Cada Fr,Ampula,36,6858.0025,246888.09,2025
010.000.5309.01,Tamsulosina. Cápsula O Tableta de Libera,Capsula,660,0.6482,427.81,2025
010.000.5309.02,Tamsulosina 0.4 Mg. Capsula O Tableta De,Capsula,21270,0.6319,13440.51,2025
010.000.5313.00,"Caspofungina de 50Mg, Solucion Inyectabl",Envase,601,359.3596,215975.12,2025
010.000.5314.00,Caspofungina. Solucion Inyectable. 70 M,Ampula,179,760.8688,136195.52,2025
010.000.5315.00,Voriconazol. Solucion Inyectable Cada Fr,Fco/Amp,101,117.2194,11839.16,2025
010.000.5318.00,Voriconazol. Tableta Cada Tableta Contie,Tableta,112,35.25,3948.0,2025
010.000.5319.01,Dutasterida. Capsula Cada Capsula Contie,Capsula,9270,3.012,27921.24,2025
010.000.5330.00,Alfa-Dornasa. Solucion Para Inhalacion C,Ampolleta,751,610.1667,458235.19,2025
010.000.5332.00,"Eritropoyetina 2000 Ui, Solucion Inyecta",Fco/Amp,766,12.1125,9278.18,2025
010.000.5333.00,Eritropoyetina Humana Recombinante O Eri,Fco/Amp,91,22.7001,2065.71,2025
010.000.5335.01,Fosfolipidos de Pulmon Porcino. Suspensi,Envase,62,11107.0,688634.0,2025
010.000.5339.01,Eritropoyetina Beta O Eritropoyetina Alf,Fco/Amp,111,1600.0,177600.0,2025
010.000.5343.01,Factor Ix O Nonacog Alfa 500 Ui. Solucio,Fco/Amp,126,3424.75,431518.5,2025
010.000.5344.01,Factor Ix O Nanocog 1000 Ui. Solucion In,Envase,127,6849.5,869886.5,2025
010.000.5353.00,Flunarizina. Capsula O Tableta Cada Caps,Tableta,720,0.49,352.8,2025
010.000.5354.00,Nimodipino. Solucion Inyectable Cada Fra,Envase,30,64.9853,1949.56,2025
010.000.5355.00,Vigabatrina. Comprimido Cada Comprimido,Comprimido,240,15.0,3600.0,2025
010.000.5356.00,Lamotrigina. Tableta Cada Tableta Contie,Tableta,845,0.5536,467.79,2025
010.000.5358.00,Lamotrigina. Tableta Cada Tableta Contie,Tableta,896,0.4868,436.17,2025
010.000.5360.00,Metoxi-Polietilenglicol Epo Beta. Sol In,Jeringa,486,908.0,441288.0,2025
010.000.5361.00,Metoxi-Polietilenglicol Epo Beta. Sol In,Jeringa,476,1362.0,648312.0,2025
010.000.5363.00,Topiramato. Tabletacada Tableta Contiene,Tableta,3185,0.7833,2494.81,2025
010.000.5365.00,Topiramato. Tableta Cada Tableta Contien,Tableta,15240,0.6167,9398.51,2025
010.000.5381.00,Oligometales Endovenosos. Sol Iny.(Cloru,Fco/Amp,21190,104.2231,2208487.49,2025
010.000.5383.00,Multivitaminas (Polivitaminas) y Mineral,Pieza,34,28.4786,968.27,2025
010.000.5386.00,Cloruro de Sodio Solucion Inyectable Al1,Ampolleta,33310,1.68,55960.8,2025
010.000.5392.00,Dieta Polimerica Con Fibra. Suspension O,Pieza,419,15.45,6473.55,2025
010.000.5395.00,Tiamina. Solución Inyectable. Cada Frasc,Ampula,6,73.3333,440.0,2025
010.000.5397.00,Dieta Inmunomuladora Mezcla de Aminiacid,Envase,5460,296.8999,1621073.45,2025
010.000.5418.01,Exemestano. Gragea. Cada Gragea Contiene,Gragea,450,8.8606,3987.27,2025
010.000.5428.00,"Ondasentron de 8 Mg, Solucion Inyectable",Ampolleta,14304,2.9266,41862.09,2025
010.000.5433.01,Rituximab. Solucion Inyectable Cada Fras,Frasco,400,400.0,160000.0,2025
010.000.5435.00,Paclitaxel Solucion Inyectable Cada Fras,Frasco,2453,448.2934,1099663.71,2025
010.000.5436.00,Tretinoina. Capsula Cada Capsula Contien,Capsula,2200,19.1298,42085.56,2025
010.000.5440.01,Bicalutamida. Tableta Cada Tableta Conti,Tableta,35840,2.1992,78819.33,2025
010.000.5444.00,"Irinotecan de 100 Mg, Solucion Inyectabl",Envase,12,129.0,1548.0,2025
010.000.5445.00,Rituximab. Solucion Inyectable Cada Fras,Frasco,79,1599.0,126321.0,2025
010.000.5449.00,Anastrozol. Tableta Cada Tableta Contien,Tableta,6580,0.8796,5787.77,2025
010.000.5450.00,Leuprorelina Suspension Inyectable Cada,Pieza,32,3211.3495,102763.18,2025
010.000.5451.00,Cinarizina. Tableta Cada Tableta Contien,Tableta,5640,0.296,1669.44,2025
010.000.5452.00,Pegfilgrastim. Solucion Inyectable Cada,Pieza,28,1782.0066,49896.18,2025
010.000.5452.01,Pegfilgrastim. Solución Inyectable Cada,Jeringa,4,8970.84,35883.36,2025
010.000.5453.00,Pemetrexed. Solucion Inyectable Cada Fra,Frasco,16,343.6315,5498.1,2025
010.000.5455.00,Fludarabina. Comprimido Cada Comprimido,Comprimido,870,399.0165,347144.36,2025
010.000.5461.00,Capecitabina. Tableta. Cada Tableta Cont,Tableta,17760,4.9517,87942.19,2025
010.000.5463.00,Temozolomida. Capsula Cada Capsula Conti,Capsula,5,54.578,272.89,2025
010.000.5463.02,Temozolomida. Capsula Cada Capsula Conti,Capsula,1360,68.7799,93540.66,2025
010.000.5465.00,Temozolomida. Capsula Cada Capsula Conti,Capsula,150,25.0,3750.0,2025
010.000.5465.02,Temozolomida. Capsula Cada Capsula Conti,Capsula,3300,33.2762,109811.46,2025
010.000.5466.00,Cultivo Bcg. Suspension Cada Frasco Con,Frasco,116,1650.0,191400.0,2025
010.000.5468.00,"Acido Zoledronico de 4.0 Mg, Solucion In",Envase,364,49.5298,18028.85,2025
010.000.5470.00,Gefitinib. Tableta Cada Tableta Contiene,Tableta,120,33.0,3960.0,2025
010.000.5474.00,Erlotinib. Comprimido Cada Comprimido Co,Comprimido,30,32.923,987.69,2025
010.000.5475.01,Cetuximab. Solucion Inyectable. Cada Fra,Pieza,20,5012.448,100248.96,2025
010.000.5480.00,Sorafenib. Comprimido Cada Comprimido Co,Comprimido,3136,40.8537,128117.2,2025
010.000.5481.00,Paroxetina. Tableta Cada Tableta Contien,Tableta,16,0.72,11.52,2025
010.000.5482.00,Sunitinib. Capsula Cada Capsula Contiene,Capsula,1708,25.2649,43152.45,2025
010.000.5485.00,Olanzapina. Tableta Cada Tableta Contien,Tableta,348,2.9378,1022.35,2025
010.000.5485.01,Olanzapina. Tableta Cada Tableta Contien,Tableta,701,0.6964,488.18,2025
010.000.5486.01,Olanzapina. Tableta Cada Tableta Contien,Tableta,2032,0.8035,1632.71,2025
010.000.5487.00,Citalopram. Tableta Contiene: Bromhidra,Tableta,202,0.455,91.91,2025
010.000.5487.01,Citalopram. Tableta Cada Tableta Contien,Tableta,71,0.38,26.98,2025
010.000.5489.00,Quetiapina. Tableta Cada Tableta Contien,Tableta,480,0.5916,283.97,2025
010.000.5490.00,Mirtazapina. Tableta O Tableta Dispersab,Tableta,402,1.1257,452.53,2025
010.000.5501.00,Diclofenaco. Solucion Inyectable. Cada A,Ampolleta,11503,2.9,33358.7,2025
010.000.5503.00,Sulindaco. Tableta O Gragea Cada Tableta,Tableta,180,1.2388,222.98,2025
010.000.5505.00,Celecoxib. Capsula. Cada Capsula Contien,Capsula,8497,0.8751,7435.72,2025
010.000.5506.00,Celecoxib. Capsula. Cada Capsula Contien,Capsula,4780,1.086,5191.08,2025
010.000.5541.00,Letrozol. Gragea O Tableta Cada Gragea O,Tableta,31890,0.9492,30269.99,2025
010.000.5544.01,Rivaroxaban. Comprimido Cada Comprimido,Comprimido,2360,1.1424,2696.06,2025
010.000.5551.01,Dabigatran Etexilato. Capsula Cada Capsu,Capsula,4620,19.9436,92139.43,2025
010.000.5552.01,Dabigatran Etexilato. Capsula Cada Capsu,Capsula,900,19.9436,17949.24,2025
010.000.5610.01,Anreotida. Sol.Iny. Cada Jeringa Prellen,Pieza,6,11509.09,69054.54,2025
010.000.5611.01,Lanreotida. Sol.Iny. Cada Jeringa Prelle,Envase,14,13135.18,183892.52,2025
010.000.5613.00,Denosumab. Solucion Inyectable. Cada Jer,Envase,150,3521.58,528237.0,2025
010.000.5617.00,Lenalidomida. Capsula Cada Capsula Conti,Capsula,1092,48.5699,53038.33,2025
010.000.5618.00,Lenalidomida. Capsula Cada Capsula Conti,Capsula,294,69.1279,20323.6,2025
010.000.5619.00,Lenalidomida. Capsula Cada Capsula Conti,Capsula,987,63.1318,62311.09,2025
010.000.5621.00,Linagliptina. Tableta. Cada Tableta Cont,Tableta,194490,8.4523,1643887.83,2025
010.000.5624.00,Romiplostim. Solucion Inyectable Cada Fr,Fco/Amp,244,6357.79,1551300.76,2025
010.000.5626.00,Darbepoetina Alfa. Solucion Inyectable C,Pieza,599,449.78,269418.22,2025
010.000.5627.00,Darbepoetina Alfa. Solucion Inyectable.,Pieza,980,599.7075,587713.35,2025
010.000.5630.00,Clopidogrel Acido Acetilsalicilico. Tabl,Tableta,293,5.5557,1627.82,2025
010.000.5633.00,Darbepoetina Alfa. Solucion Inyectable C,Jeringa,74,6762.9367,500457.32,2025
010.000.5635.00,Dexlansoprazol 60 Mg. Capsula de Liberac,Capsula,294,6.9986,2057.59,2025
010.000.5635.01,Dexlansoprazol. Cápsula de Liberación Re,Capsula,140,8.9285,1249.99,2025
010.000.5636.00,Eltrombopag. Tableta Cada Tableta Contie,Tableta,2212,337.356,746231.47,2025
010.000.5637.00,Eltrombopag. Tableta Cada Tableta Contie,Tableta,1008,674.7114,680109.09,2025
010.000.5646.00,Fluticasona. Suspension en Aerosol Nasal,Envase,32,118.26,3784.32,2025
010.000.5650.00,Mifamurtida. Suspension Inyectable Cada,Fco/Amp,23,21240.48,488531.04,2025
010.000.5653.00,Panitumumab. Solucion Inyectable Cada Fr,Fco/Amp,788,7416.94,5844548.72,2025
010.000.5654.00,Pazopanib. Tableta Cada Tableta Contiene,Tableta,1140,165.8823,189105.82,2025
010.000.5660.00,Lacosamida. Tableta Cada Tableta Contien,Tableta,1745,2.3807,4154.32,2025
010.000.5661.00,Lacosamida. Tableta Cada Tableta Contien,Tableta,252,3.2132,809.73,2025
010.000.5663.00,Lacosamida. Tableta Cada Tableta Contien,Tableta,186,4.8489,901.9,2025
010.000.5665.00,Rasagilina. Tableta Cada Tableta Contien,Tableta,480,3.2508,1560.38,2025
010.000.5670.00,Anidulafungina 122 Mg Con Una Potencia D,Fco Amp,6,1515.7203,9094.32,2025
010.000.5671.00,Rifaximina. Tableta Cada Tableta Contien,Tableta,2772,7.7857,21581.96,2025
010.000.5671.02,Rifaximina. Tableta Cada Tableta Contien,Tableta,47987,43.0,2063441.0,2025
010.000.5691.00,Desmopresina. Tableta. Cada Tableta Con,Tableta,150,32.318,4847.7,2025
010.000.5695.01,Ustekinumab. Solucion Inyectable. Cada F,Pieza,120,34189.0,4102680.0,2025
010.000.5697.00,Inmunoglobulina Humana. Solucion Inyecta,Pieza,2850,5823.0,16595550.0,2025
010.000.5699.00,Etoricoxib. Comprimido Cada Comprimido C,Comprimido,159684,1.1386,181816.2,2025
010.000.5720.01,Paracetamol Solucion Inyectable Cada Fra,Frasco,506,42.5,21505.0,2025
010.000.5721.01,Paracetamol Solucion Inyectable Cada Fra,Frasco,53169,26.25,1395686.25,2025
010.000.5721.02,"Paracetamol Solucion Inyectable, Cada Fr",Frasco,27005,23.887,645068.44,2025
010.000.5730.01,Ticagrelor. Tableta Cada Tableta Contien,Tableta,480,3.7,1776.0,2025
010.000.5731.00,Apixabán. Tableta Cada Tableta Contiene:,Tableta,700,13.546,9482.2,2025
010.000.5731.01,Apixaban. Tableta Cada Tableta Contiene:,Tableta,55966,13.546,758115.44,2025
010.000.5732.00,Apixabán. Tableta Cada Tableta Contiene:,Tableta,10305,13.546,139591.53,2025
010.000.5732.01,Apixaban. Tableta Cada Tableta Contiene:,Tableta,63240,13.546,856649.04,2025
010.000.5737.00,Rivaroxaban. Comprimido Cada Comprimido,Comprimido,897,1.1071,993.07,2025
010.000.5740.00,Linagliptina/Metformina. Tableta Cada Ta,Tableta,1200,7.92,9504.0,2025
010.000.5742.00,Linagliptina/Metformina. Tableta Cada Ta,Tableta,26040,7.92,206236.8,2025
010.000.5790.00,Abatacept. Solucion Inyectable Cada Fras,Envase,14,3203.88,44854.32,2025
010.000.5795.00,Certolizumab Pegol. Solucion Inyectable,Jeringa,216,3621.41,782224.56,2025
010.000.5800.00,Amlodipino 5 Mg/ Valsartan 160 Mg/ Hidro,Comprimido,4554,4.2257,19243.84,2025
010.000.5815.00,Fingolimod. Capsula Cada Capsula Contien,Capsula,224,615.2089,137806.79,2025
010.000.5820.00,Abatacept. Solucion Inyectable Cada Jeri,Jeringa,4,2050.0,8200.0,2025
010.000.5835.00,Cinacalcet. Tableta Cada Tableta Contien,Tableta,3030,4.333,13128.99,2025
010.000.5865.00,"Colistimetato de 150 Mg, Solucion Inyect",Envase,1,140.7078,140.71,2025
010.000.5880.00,Fulvestrant. Solucion Inyectable. Cada J,Jeringa,42,861.8436,36197.43,2025
010.000.5887.00,Azacitidina Suspension Inyectable Cada F,Envase,138,934.5592,128969.17,2025
010.000.5931.00,Enoxaparina Sodica. Solucion Inyectable,Jeringa,3112,91.3,284125.6,2025
010.000.5940.02,Ibuprofeno. Tableta O Cápsula Cada Table,Capsula,1000,1.3889,1388.9,2025
010.000.5941.00,Ibuprofeno. Tableta O Capsula: Cada Tabl,Tableta,2740,0.8185,2242.69,2025
010.000.5941.02,Ibuprofeno. Tableta O Capsula: Cada Tabl,Capsula,3300,0.94,3102.0,2025
010.000.5941.03,Ibuprofeno. Tableta O Capsula: Cada Tabl,Capsula,14644,1.3333,19524.85,2025
010.000.5942.04,Ibuprofeno. Tableta O Cápsula: Cada Tabl,Tableta,7140,2.3216,16576.22,2025
010.000.5943.00,Ibuprofeno. Suspension Oral Cada 100 Ml,Envase,252,15.0,3780.0,2025
010.000.5972.00,"Leuprorelina 45 Mg, Solucion Inyectable",Envase,45,6228.6586,280289.64,2025
010.000.5980.00,Fluticasona Vilanterol. Polvo Para Inhal,Pieza,2,183.42,366.84,2025
010.000.5995.00,Aflibercept. Solucion Inyectable Cada Mi,Frasco,200,4979.7066,995941.32,2025
010.000.6001.00,Dienogest. Tableta. Cada Tableta Contien,Tableta,2828,13.0453,36892.11,2025
010.000.6006.00,Axitinib. Tableta. Cada Tableta Contiene,Tableta,240,701.309,168314.16,2025
010.000.6007.01,Dapagliflozina. Tableta. Cada Tableta Co,Tableta,144620,9.0421,1307668.5,2025
010.000.6008.00,Empagliflozina. Tableta. Cada Tableta Co,Tableta,26130,15.52,405537.6,2025
010.000.6009.00,Empagliflozina. Tableta. Cada Tableta Co,Tableta,51048,16.3333,833782.3,2025
010.000.6010.00,Dolutegravir. Tableta. Cada Tableta Cont,Tabletas,30,95.0696,2852.09,2025
010.000.6013.00,Denosumab. Solucion Inyectable. Cada Fra,Envase,456,6047.19,2757518.64,2025
010.000.6018.00,"Trastuzumab Emtansina de 160 Mg, Solucio",Envase,38,42118.1363,1600489.18,2025
010.000.6019.00,Hialuronato de Sodio. Solución Inyectabl,Jeringa,1,579.15,579.15,2025
010.000.6023.00,Fosaprepitant Solucion Inyectable. Cada,Envase,22,162.52,3575.44,2025
010.000.6026.00,Inmunoglobulina Humana Normal Subcutanea,Pieza,12,2765.43,33185.16,2025
010.000.6027.00,Inmunoglobulina Humana Normal Subcutanea,Pieza,32,5814.14,186052.48,2025
010.000.6029.00,Triptorelina Suspension Inyectable. Cada,Fco/Amp,21,2317.42,48665.82,2025
010.000.6033.00,Concentrado de Proteinas Humanas Coagula,Pieza,1,13349.28,13349.28,2025
010.000.6037.00,Obinutuzumab. Solucion Inyectable. Cada,Envase,30,36907.0,1107210.0,2025
010.000.6042.01,Ibrutinib. Capsula Cada Capsula Contiene,Tableta,2520,649.241,1636087.32,2025
010.000.6046.00,Trastuzumab. Solucion Inyectable Cada Fr,Envase,50,20591.0,1029550.0,2025
010.000.6047.00,Tocilizumab Solucion Inyectable Cada Jer,Jeringa,4,4658.0,18632.0,2025
010.000.6053.00,Complejo de Protombina Humana. Sol Iny.F,Envase,50,6063.0,303150.0,2025
010.000.6063.00,Turoctocog Alfa (Factor Viii Coag de Ori,Envase,1,2331.08,2331.08,2025
010.000.6067.00,Nintedanib. Capsula Cada Capsula Contien,Capsula,5940,572.6635,3401621.19,2025
010.000.6068.00,Nintedanib.Capsula Cada Capsula Contiene,Capsula,9780,572.6635,5600649.03,2025
010.000.6070.00,Fibrinogeno Humano 1.50 G. Solucion Inye,Envase,150,28427.1947,4264079.21,2025
010.000.6075.00,Levonorgestrel. Implante Cada Implante C,Envase,300,706.4788,211943.64,2025
010.000.6076.00,Ibuprofeno. Solucion Inyectable Cada Amp,Ampolleta,62,3681.25,228237.5,2025
010.000.6077.00,Empagliflozina/Metformina. Tableta Cada,Tableta,9420,9.1666,86349.37,2025
010.000.6078.00,Empagliflozina/Metformina. Tableta Cada,Tableta,13740,9.1666,125949.08,2025
010.000.6079.00,Empagliflozina/Metformina. Tableta Cada,Tableta,4980,9.1666,45649.67,2025
010.000.6080.00,Secukinumab. Solucion Inyectable Cada Pl,Pluma,420,5622.885,2361611.7,2025
010.000.6083.00,"Citrato de Cafeina de 10 Mg, Solucion In",Fco/Amp,40,646.5,25860.0,2025
010.000.6084.00,Sevelamero. Tableta. Cada Tableta Contie,Tableta,43200,6.5611,283439.52,2025
010.000.6086.00,Carfilzomib. Solucion Inyectable. Cada F,Envase,9,11383.31,102449.79,2025
010.000.6093.00,Ruxolitinib Tableta Cada Tableta Contien,Tableta,2040,561.1153,1144675.21,2025
010.000.6095.00,Ruxolitinib Tableta Cada Tableta Contien,Tableta,240,898.268,215584.32,2025
010.000.6096.00,Blinatumomab Solucion Inyectable. Cada F,Frasco,25,26310.99,657774.75,2025
010.000.6097.00,Enzalutamida. Capsula. Cada Capsula Cont,Tableta,6240,335.5533,2093852.59,2025
010.000.6099.00,Lactulosa. Jarabe. Cada 100 Ml Contienen,Envase,3042,47.2,143582.4,2025
010.000.6099.01,Lactulosa. Jarabe. Cada 100 Ml Contienen,Envase,863,93.75,80906.25,2025
010.000.6100.00,Lactulosa. Polvo Cada Sobre Contiene: La,Sobre,20,19.4,388.0,2025
010.000.6102.00,Complejo de Protrombina Humana Sol. Iny.,Pieza,50,6586.24,329312.0,2025
010.000.6104.00,Riociguat. Comprimido. Cada Comprimido C,Comprimido,126,524.8476,66130.8,2025
010.000.6107.00,Riociguat. Comprimido. Cada Comprimido C,Comprimido,42,524.8476,22043.6,2025
010.000.6110.00,Nivolumab. Solucion Inyectable. Cada Fra,Ampula,45,11482.0,516690.0,2025
010.000.6111.01,Tofacitinib. Tableta. Cada Tableta Conti,Tableta,672,100.0,67200.0,2025
010.000.6112.00,Sacubitrilo Valsartan Cada Comprimido Co,Comprimido,5820,11.7937,68639.33,2025
010.000.6113.00,Sacubitrilo Valsartan de 100 Mg Comprimi,Comprimido,17100,11.7931,201662.01,2025
010.000.6115.00,Selegilina. Tableta. Cada Tableta Contie,Tableta,940,21.75,20445.0,2025
010.000.6117.01,Insulina Asparta/Insulina Asparta Protam,Pluma,225,118.5,26662.5,2025
010.000.6119.00,Dexametasona. Implante Intraocular (Intr,Envase,4,18177.0,72708.0,2025
010.000.6120.00,Lipegfilgrastim Solucion Inyectable 6 M,Envase,76,6100.0,463600.0,2025
010.000.6122.00,Amfotericina B Liposomal. Solucion Inyec,Pieza,237,1620.0,383940.0,2025
010.000.6129.00,Racecadotrilo. Granulado Oral Cada Sobre,Sobre,2801,7.7822,21797.94,2025
010.000.6130.00,Racecadotrilo. Granulado Oral Cada Sobre,Sobre,17041,8.3611,142481.51,2025
010.000.6131.00,Sofosbuvir Velpatasvir. Tableta Cada Tab,Tableta,196,1603.7254,314330.18,2025
010.000.6134.00,Fenofibrato. Capsula. Cada Cápsula Conti,Capsulas,742,18.9028,14025.88,2025
010.000.6134.01,Fenofibrato. Capsula. Cada Capsula Conti,Capsula,7427,10.3571,76922.18,2025
010.000.6138.00,Eritropoyetina Theta. Solucion Inyectabl,Jeringa,19,1400.0,26600.0,2025
010.000.6142.00,Palbociclib. Capsula. Cada Cápsula Conti,Capsula,42,135.4762,5690.0,2025
010.000.6144.00,Palbociclib. Capsula. Cada Capsula Conti,Tableta,1806,1092.5279,1973105.39,2025
010.000.6149.00,Afatinib. Tableta. Cada Tableta Contiene,Tableta,60,787.5047,47250.28,2025
010.000.6150.00,Budesonida. Aerosol Para Inhalacion Buca,Envase,18,270.0,4860.0,2025
010.000.6153.00,Pembrolizumab. Solucion Inyectable Cada,Fco Amp,75,52000.0,3900000.0,2025
010.000.6154.00,Golimumab. Solucion Inyectable Cada Plum,Pieza,6,8776.0,52656.0,2025
010.000.6157.00,Beclometasona/Formoterol. Aerosol Para I,Envase,1387,132.54,183832.98,2025
010.000.6164.00,Glecaprevir/Pibrentasvir. Tableta. Cada,Tableta,1764,812.5,1433250.0,2025
010.000.6165.00,Ribociclib. Comprimido. Cada Comprimido,Comprimido,252,363.9395,91712.75,2025
010.000.6171.00,Lenvatinib. Capsula. Cada Capsula Contie,Capsula,420,308.5607,129595.49,2025
010.000.6172.00,Lenvatinib. Capsula. Cada Capsula Contie,Capsula,930,771.4203,717420.88,2025
010.000.6179.00,Alogliptina / Metformina. Tableta. Cada,Tableta,3331,7.85,26148.35,2025
010.000.6186.00,Baricitinib. Tableta. Cada Tableta Conti,Tableta,6160,187.1139,1152621.62,2025
010.000.6193.00,Atezolizumab. Solucion Inyectable. Caja,Fco Amp,15,84850.0,1272750.0,2025
010.000.6199.00,Emicizumab. Solucion Inyectable Cada Fra,Fco/Amp,23,28741.0,661043.0,2025
010.000.6200.00,Emicizumab. Solucion Inyectable Cada Fra,Fco/Amp,26,57483.0,1494558.0,2025
010.000.6201.00,Emicizumab. Solucion Inyectable Cada Fra,Fco/Amp,12,100595.0,1207140.0,2025
010.000.6202.00,Emicizumab. Solucion Inyectable Cada Fra,Fco/Amp,7,143707.0,1005949.0,2025
010.000.6211.00,Abiraterona. Tableta Cada Tableta Contie,Tableta,10200,25.0,255000.0,2025
010.000.6214.00,Ciclofosfamida 1000 Mg. Solucion Inyecta,Envase,829,344.4582,285555.85,2025
010.000.6216.00,Simoctocog Alfa 250 Ui. Sol Iny. Envase,Envase,233,711.0,165663.0,2025
010.000.6218.00,Simoctocog Alfa 1000 Ui. Sol Iny. Envas,Envase,621,2016.0,1251936.0,2025
010.000.6220.00,Fluorouracilo. Solucion Inyectable. Cada,Ampula,7,110.0,770.0,2025
010.000.6222.00,"Acido Acetilsalicilico, Tabletas Cada Ta",Tableta,64092,1.4821,94990.75,2025
010.000.6223.00,"Beclametasona/Formoterol/Glicopirronio,",Envase,307,363.09,111468.63,2025
010.000.6226.00,"Venetoclax, Tableta, Cada Tableta Contie",Tableta,2520,968.9035,2441636.82,2025
010.000.6228.00,Ramipril. Cápsula O Tableta Cada Cápsula,Tableta,1170,4.6666,5459.92,2025
010.000.6231.00,Perindopril / Amlodipino. Comprimidos Ca,Comprimido,870,4.4253,3850.01,2025
010.000.6233.00,Perindopril / Amlodipino. Comprimidos Ca,Comprimido,600,4.4253,2655.18,2025
010.000.6235.00,Perindopril / Indapamida. Comprimidos Ca,Comprimido,150,4.4253,663.8,2025
010.000.6236.00,Perindopril / Indapamida. Comprimidos Ca,Comprimido,60,4.4253,265.52,2025
010.000.6237.00,Perindopril / Amlodipino/ Indapamida. Ca,Comprimido,510,4.6666,2379.97,2025
010.000.6245.00,Olmesartan. Tableta Cada Tableta Contien,Tableta,1428,1.9115,2729.62,2025
010.000.6250.00,Olmesartan/ Hidroclorotiazida. Tableta C,Tableta,784,2.1896,1716.65,2025
010.000.6255.00,Bisoprolol. Tableta Cada Tableta Contien,Tableta,277,5.8333,1615.82,2025
010.000.6256.00,Bisoprolol. Tableta Cada Tableta Contien,Tableta,56581,0.7,39606.7,2025
010.000.6257.00,Bisoprolol. Tableta Cada Tableta Contien,Tableta,102900,1.5333,157776.57,2025
010.000.6260.00,Bumetanida. Capsula O Tableta Cada Capsu,Tableta,87792,11.0,965712.0,2025
010.000.6268.00,Irbesartan/ Amlodipino. Tableta Cada Tab,Tableta,7980,5.1857,41381.89,2025
010.000.6269.00,Irbesartan/ Amlodipino. Tableta Cada Tab,Tableta,29,6.3175,183.21,2025
010.000.6274.00,Metformina/ Glimepirida. Tableta Cada Ta,Tableta,1728,3.0937,5345.91,2025
010.000.6275.00,Metformina. Tableta Cada Tableta Contien,Tableta,54,0.8443,45.59,2025
010.000.6281.00,Amoxicilina/Acido Clavulanico Tableta Am,Tableta,15260,3.553,54218.78,2025
010.000.6282.00,Abemaciclib. Tableta Cada Tableta Contie,Tableta,56,409.4319,22928.19,2025
010.000.6285.00,Midostaurina. Capsula Cada Capsula Conti,Capsula,672,2571.2571,1727884.77,2025
010.000.6290.00,Carboplatino. Solucion Inyectable. Cada,Fco/Amp,2416,546.5491,1320462.63,2025
010.000.6291.00,Cisplatino. Solucion Inyectable Cada Fra,Envase,3289,191.5861,630126.68,2025
010.000.6293.00,Fludarabina. Solucion Inyectable Cada Vi,Vial,570,1980.0,1128600.0,2025
010.000.6294.00,Gemcitabina. Solucion Inyectable Cada Fr,Frasco,5120,94.85,485632.0,2025
010.000.6300.00,Amoxicilina 6.0 G / Acido Clavulanico 0.,Envase,14,198.84,2783.76,2025
010.000.6304.00,Cabozantinib. Tabletas Cada Tableta Cont,Tableta,120,2796.29,335554.8,2025
010.000.6307.00,Busulfan. Solucion Inyectable Cada Ml Co,Envase,15,47195.6,707934.0,2025
010.000.6309.00,Hidroxicloroquina. Tableta Cada Tableta,Tableta,222980,2.6067,581241.97,2025
010.000.6310.00,Benralizumab. Solucion Inyectable. Cada,Pieza,25,35077.0,876925.0,2025
010.000.6311.01,"Mepolizumab 100 Mg, Sol Iny: Mepolizumab",Pieza,42,18375.0,771750.0,2025
010.000.6313.00,Ixazomib 4.30 Mg Equiv a 3.0 Mg.Capsula.,Capsula,15,22833.3333,342500.0,2025
010.000.6314.00,Ixazomib 5.70 Mg Equiv a 4.0 Mg. Capsula,Capsula,9,22833.3333,205500.0,2025
010.000.6315.00,Acido Risedronico/ Colecalciferol. Table,Tableta,10,53.55,535.5,2025
010.000.6316.01,Insulina Degludec. Solucion Inyectable.,Pluma,1068,334.0,356712.0,2025
010.000.6327.00,Acalabrutinib. Capsula. Cada Capsula Con,Capsula,2128,2586.1607,5503349.97,2025
010.000.6330.00,Bromuro de Ipratropio 0.394 Mg/ Fenotero,Frasco,823,199.5,164188.5,2025
010.000.6333.00,Lisinopril. Cápsula O Tableta Cada Cápsu,Tabletas,900,0.6666,599.94,2025
010.000.6335.00,Pegaspargasa. Solucion Cada Vial Contien,Pieza,30,41000.0,1230000.0,2025
010.000.6340.00,Metformina/ Glimepirida. Tableta Cada Ta,Tabletas,4480,6.2812,28139.78,2025
010.000.6344.00,Cefixima. Suspensión Oral Cada 5 Ml de S,Pieza,1,291.5,291.5,2025
010.000.6345.00,Vedolizumab. Sol. Cada Frasco Ampula Con,Pieza,27,17200.0,464400.0,2025
010.000.6347.00,Lidocaina. Parche Adhesivo. Cada Parche,Sobre,138,352.0,48576.0,2025
010.000.6350.00,Apalutamida. Tableta Cada Tableta Contie,Tableta,3120,343.5416,1071849.79,2025
010.000.6356.00,Budesonida/Formoterol. Aerosol. Cada Gra,Pieza,1823,266.0,484918.0,2025
010.000.6357.00,Budesonida/Formoterol Aerosol Cada Gramo,Pieza,1606,308.07,494760.42,2025
010.000.6360.02,"Esomeprazol. Granulado, Granulado Para S",Sobre,9413,14.7057,138424.75,2025
010.000.6362.02,"Esomeprazol. Granulado, Granulado Para S",Sobre,1864,15.8278,29503.02,2025
010.000.6365.00,Ustekinumab. Solucion Inyectable. Cada J,Jeringa,3,45480.0,136440.0,2025
010.000.7000.00,Empagliflozina. Tableta. Cada Tableta Co,Tableta,2310,20.8,48048.0,2025
010.000.7001.00,Diosmectita. Polvo Cada Sobre Contiene:,Sobre,793,29.4,23314.2,2025
010.000.7002.00,Furoato de Fluticasona/Umeclidinio/Vilan,Dispositiv,12,320.0,3840.0,2025
010.000.7003.00,Dupilumab. Solucion Inyectable. Cada Jer,Jeringa,764,21933.6,16757270.4,2025
010.000.7006.00,Omalizumab. Solucion Inyectable. Cada Je,Jeringa,42,4445.01,186690.42,2025
010.000.7007.00,Semaglutida. Sol.Iny. Cada Ml Contiene:,Pieza,159,2673.0,425007.0,2025
010.000.7019.02,Rurioctocog Alfa Pegol 500 Ui. Solucion.,Fco/Amp,48,1345.0,64560.0,2025
010.000.7019.03,Rucioctog Alfa Pegol 1000 Ui. Solucion.C,Fco/Amp,93,2690.0,250170.0,2025
010.000.7021.00,Acido Tranexamico. Sol.Iny. Cada Ml Deso,Vial,817,66.0436,53957.62,2025
010.000.7021.01,Acido Tranexamico 100 Mg. Solucion Inyec,Vial,893,57.7437,51565.12,2025
010.000.7064.00,Belimumab Solución Inyectable Cada Frasc,Pluma,220,2690.625,591937.5,2025
010.000.7078.00,"Semaglutida 3.0 Mg, Tableta Contiene: Se",Tableta,3240,56.1666,181979.78,2025
010.000.7098.00,Trióxido de Arsénico 12 Mg. Envase Con 1,Vial,200,3800.0,760000.0,2025
010.000.7105.00,Finerenona 20 Mg. Comprimidos. Cada Comp,Comprimido,4452,39.2857,174899.94,2025
010.000.7113.00,"Ofatumumab, Sol.Iny. Cada Jeringa Prelle",Jeringa,10,17225.82,172258.2,2025
010.000.7131.00,"Pertuzumab/Trastuzumab, Solución Inyecta",Envase,10,98420.0,984200.0,2025
010.000.7133.00,Vericiguat 2.5 Mg Caja Con 14 Comprimido,Comprimido,154,45.0,6930.0,2025
010.000.7136.00,Suspensión Para Inhalación. Cada Dosis L,Pieza,6,1180.0,7080.0,2025
010.000.7137.00,"""Abrocitinib, Tableta Cada Tableta Conti",Tableta,90,166.6666,14999.99,2025
010.000.7138.00,Abrocitinib 200 Mg. Tabletas. Frasco Con,Tableta,210,250.0,52500.0,2025
010.000.7139.00,"Zanubrutinib 80 Mg, Cada Cápsula Contien",Capsula,240,916.2342,219896.21,2025
010.000.7140.00,Bimekizumab Sol. Iny. Cada Pluma Precarg,Jeringa,16,12000.0,192000.0,2025
010.000.7145.00,Sol Iny C/Frasco Ámp Con Polvo Liofiliza,Pieza,2,127360.0,254720.0,2025
010.000.7156.00,"Anifrolumab Solución Inyectable, Cada Fr",Ampula,8,15700.0,125600.0,2025
010.000.7179.00,R-L-Asparginasa Sol Iny. Cada Frasco Ámp,Ampula,554,4088.56,2265062.24,2025
010.000.8005.00,Solucion Liquida Sabor Vainilla. Lata De,Envase,34,54.0,1836.0,2025
010.000.8006.00,Fórmula de Alimentación Enteral Especial,Envase,577,56.0,32312.0,2025
010.000.8007.00,Formula de Alimentacion Enteral Especial,Pieza,1086,41.76,45351.36,2025
020.000.3831.02,Inmunoglobulina Humana Hiperhinmune Anti,Pieza,54,209.88,11333.52,2025
020.000.3835.00,Vitamina A. Solucion. Cada Dosis Contien,Frasco,7,23.9,167.3,2025
030.000.0003.00,Sucedaneo de Leche Humana de Pretermino.,Envase,38,113.0,4294.0,2025
030.000.0011.00,"Energía Mínimo /100 Ml 60 Kcal, Máximo",Envase,670,66.5967,44619.79,2025
030.000.0012.00,Sucedaneo de Leche Humana de Término Sin,Pieza,187,106.07,19835.09,2025
030.000.0013.00,Fórmula Para Lactantes Con Necesidades E,Envase,935,115.0,107525.0,2025
030.000.0014.00,Fórmula de Continuación. Polvo O Líquido,Envase,785,38.95,30575.75,2025
030.000.0021.00,Formula de Proteina Aislada de Soya. Pol,Pieza,22,94.9,2087.8,2025
030.000.6502.00,Formula Para Lactantes Con Necesidades E,Envase,537,105.55,56680.35,2025
040.000.0132.01,Nalbufina Solucion Inyectable Cada Ampol,Ampolleta,20,8.916,178.32,2025
040.000.0202.00,Diazepam. Solucion Inyectable. Cada Ampo,Ampolleta,1768,5.56,9830.08,2025
040.000.0242.00,Fentanilo. Solucion Inyectable. Cada Amp,Fco/Amp,46020,37.0366,1704424.33,2025
040.000.0409.00,Hidroxizina. Gragea O Tableta Cada Grage,Tableta,630,0.356,224.28,2025
040.000.2096.00,Tramadol-Paracetamol. Tableta Cada Tabl,Tableta,7396,0.4455,3294.92,2025
040.000.2097.00,Buprenorfina Parche Cada Parche Contiene,Parche,472,94.2875,44503.7,2025
040.000.2098.00,Buprenorfina Parche Cada Parche Contiene,Parche,1088,68.3584,74373.94,2025
040.000.2103.00,Morfina Solucion Inyectable Cada Ampolle,Ampolleta,5,614.4232,3072.12,2025
040.000.2107.00,Efedrina. Solucion Inyectable Cada Ampol,Ampolleta,500,37.0649,18532.45,2025
040.000.2108.00,"Midazolam 5Mg, Solucion Inyectable Envas",Ampolleta,5,10.6089,53.04,2025
040.000.2500.00,Alprazolam. Tableta Cada Tableta Contien,Tableta,13680,0.4033,5517.14,2025
040.000.2601.00,Fenobarbital. Tableta Cada Tableta Conti,Tableta,2180,1.6583,3615.09,2025
040.000.2608.00,Carbamazepina. Tableta. Cada Tableta Con,Tableta,82833,0.795,65852.24,2025
040.000.2609.00,Carbamazepina. Suspension Oral. Cada 5 M,Envase,56,19.8,1108.8,2025
040.000.2651.00,Trihexifenidilo. Tableta Cada Tableta Co,Tableta,350,0.8422,294.77,2025
040.000.2652.00,Biperideno. Tableta Cada Tableta Contien,Tableta,17102,0.8606,14717.98,2025
040.000.3206.00,Triazolam. Tableta Cada Tableta Contiene,Tableta,200,6.45,1290.0,2025
040.000.3215.00,Diazepam. Tableta. Cada Tableta Contiene,Tableta,2420,1.45,3509.0,2025
040.000.3255.00,Litio. Tableta. Cada Tableta Contiene: C,Tableta,200,5.8,1160.0,2025
040.000.3259.01,Clozapina. Comprimido. Cada Comprimido C,Comprimido,50,15.8,790.0,2025
040.000.3262.00,Risperidona. Solucion Oral Cada Mililitr,Envase,102,104.7294,10682.4,2025
040.000.3302.00,Imipramina. Gragea O Tableta. Cada Grage,Tableta,1160,0.264,306.24,2025
040.000.3305.00,Amitriptilina. Tableta. Cada Tableta Con,Tableta,18180,1.7,30906.0,2025
040.000.4032.00,Oxicodona Tableta de Liberacion Prolonga,Tableta,1440,18.7076,26938.94,2025
040.000.4033.00,Oxicodona Tableta de Liberacion Prolonga,Tableta,1290,10.6033,13678.26,2025
040.000.4054.00,Flumazenil. Solucion Inyectable Cada Amp,Envase,11,72.74,800.14,2025
040.000.4060.00,"Midazolam de 50Mg, Solucion Inyectable E",Ampolleta,23572,16.074,378896.33,2025
040.000.4129.00,Isotretinoina. Capsula Cada Capsula Cont,Capsula,510,3.9901,2034.95,2025
040.000.4481.00,Haloperidol. Solucion Inyectable Cada Am,Envase,154,59.97,9235.38,2025
040.000.4482.00,Bromazepam. Comprimido Cada Comprimido C,Comprimido,2250,1.4773,3323.93,2025
040.000.5916.00,Tapentadol. Tableta de Liberacion Prolon,Tableta,1860,16.665,30996.9,2025
040.000.6038.00,Buprenorfina. Parche Cada Parche Contien,Parche,2456,84.875,208453.0,2025
040.000.6039.00,Buprenorfina. Parche Cada Parche Contien,Parche,1488,145.875,217062.0,2025
040.000.6140.00,Tramadol de 150 Mg Tableta de Liberacion,Tableta,8850,15.5,137175.0,2025
040.000.6188.00,Fentanilo. Tableta Bucal Efervescente. C,Tab Eferv,140,89.25,12495.0,2025
040.000.6190.00,Fentanilo. Tableta Bucal Efervescente. B,Tab Eferv,308,89.25,27489.0,2025
040.000.6298.00,Alprazolam. Tableta Cada Tableta Contien,Tableta,2790,0.63,1757.7,2025
040.000.6299.00,Quetiapina. Tableta Cada Tableta Contien,Tableta,1200,1.0583,1269.96,2025
0601660277,Sonda Endotraqueal Sin Globo Esteril y D,Pieza,4,12.064,48.26,2025
0601688302,Sondas. Para Drenaje Urinario. de Latex,Pieza,7,13.166,92.16,2025
0602330383,Conectores en y P/Cateter De,Pieza,60,701.8,42108.0,2025
0603080030,Dispositivo Intrauterino Hormonal (Levon,Pieza,9,600.0,5400.0,2025
0603460015,Esfinterotomo Para Vias Biliares de Trip,Pieza,70,2628.56,183999.2,2025
0603600032,Espejo Vaginal Desechable; Mediano; Valv,Pieza,300,19.4996,5849.88,2025
0605512201,Jeringas. de Plastico Para Insuflar el G,Pieza,76,680.92,51749.92,2025
0608330171,"Liquido Pesado Para Uso Intraocular, Per",Pieza,6,4408.0,26448.0,2025
0608330189,Liquidos. Preservador de Cornea Que Cont,Frasco,2,3108.8,6217.6,2025
060.004.0109,Abatelenguas. de Madera Desechables. Lar,Pieza,7998,0.256,2047.49,2025
060.030.0214,Fijadores Externos Compatibles Entre Si,Pieza,2,37120.0,74240.0,2025
060.030.0222,Fijadores Externos. Todos Los Componente,Pieza,2,25520.0,51040.0,2025
060.031.0015,Adhesivos. Adhesivo Quirurgico a Base De,Pieza,2,17808.32,35616.64,2025
060.032.0022,Fijadores Externos Miniaparato de Elonga,Pieza,2,25520.0,51040.0,2025
060.034.0103,Antisepticos. Agua Oxigenada en Concentr,Envase,258,13.456,3471.65,2025
060.034.0160,Agujas. Aguja de Acero Inoxidable Pa,Pieza,43,820.12,35265.16,2025
060.034.0228,Agujas. Aguja de Acero Inoxidable Pa,Pieza,43,760.96,32721.28,2025
060.040.0303,Agujas. Para Raquianestesia O Punción Lu,Pieza,147,33.64,4945.08,2025
060.040.0543,Agujas. Para Raquianestesia O Bloqueo Su,Pieza,284,49.7634,14132.81,2025
060.040.0790,Agujas. Para Biopsia de Hueso. Reesteril,Pieza,12,1012.68,12152.16,2025
060.040.0865,Agujas. Tipo: Huber Angulada a 90° de Ac,Pieza,7335,104.2193,764448.57,2025
060.040.0881,Agujas. Tipo: Huber Angulada a 90° de Ac,Pieza,8,116.0,928.0,2025
060.040.3711,Agujas Hipodermicas. Hipodermicas Con Pa,Pieza,56219,0.3188,17922.62,2025
060.040.3745,Agujas Hipodermicas. Hipodermicas Con Pa,Pieza,8700,0.3187,2772.69,2025
060.040.3760,Agujas Hipodermicas. Hipodermicas Con Pa,Pieza,2600,0.3302,858.52,2025
060.040.7605,Agujas. Para Biopsia Desechables. Tipo:,Pieza,420,126.092,52958.64,2025
060.040.8058,Agujas. Dentales. Tipo: Carpule. Desecha,Pieza,850,0.9628,818.38,2025
060.040.8710,Agujas. Para Biopsia Reesterilizables. T,Pieza,118,266.8,31482.4,2025
060.040.8801,Agujas. Para Puncion de Vasos Desechable,Pieza,288,112.52,32405.76,2025
060.040.9007,Agujas. Para Raquianestesia O Bloqueo Su,Pieza,14,44.1626,618.28,2025
060.058.0153,Algodones. en Laminas. Enrollado O Plisa,Pieza,8676,46.3304,401962.55,2025
060.066.0039,Antisepticos. Alcohol Desnaturalizado. E,Pieza,225,48.9404,11011.59,2025
060.066.0062,Jabones. Para Uso Prequirurgico. Liquido,Pieza,160,87.2458,13959.33,2025
060.066.0666,Antisepticos. Iodopovidona Solucion. Cad,Envase,16,396.72,6347.52,2025
060.066.0880,Desinfectantes Solucion Concentrada Este,Frasco,72,67.6647,4871.86,2025
060.066.0930,Detergentes O Limpiadores. Detergente O,Pieza,29,175.6588,5094.11,2025
060.066.0989,Antiseptico y Germinicidas. Glutaraldehi,Pieza,101,127.6,12887.6,2025
060.066.1003,Desinfectantes. Solucion Desinfectante D,Envase,2,145.0,290.0,2025
060.066.1011,Antisepticos. Solucion Antiseptica Con G,Envase,628,70.2017,44086.67,2025
060.066.1052,Antisepticos. Solucion Con Gluconato Dec,Envase,723,16.24,11741.52,2025
060.066.1094,Antisepticos. Solucion Con Gluconato Dec,Envase,371,9.86,3658.06,2025
060.066.1102,Antisepticos. Solucion Con Gluconato Dec,Envase,4884,16.24,79316.16,2025
060.066.1110,Antisepticos. Solucion Con Gluconato Dec,Envase,2111,83.3763,176007.37,2025
060.082.0104,Aplicadores. Con Algodon. de Madera. Env,Pieza,74,191.7388,14188.67,2025
060.088.0017,"Apositos. Transparente, Microporoso, Aut",Pieza,19400,2.4427,47388.38,2025
060.088.0025,"Apositos. Transparente, Microporoso, Aut",Pieza,8730,6.3293,55254.79,2025
060.088.0504,Apositos. Con Petrolato. Medidas: 10 X 1,Pieza,610,6.2524,3813.96,2025
060.088.0678,Apositos. Hidrocoloides Para el Tratamie,Pieza,71,51.2024,3635.37,2025
060.088.0686,Apositos. Absorbentes a Base de Alginato,Pieza,1409,17.8138,25099.64,2025
060.088.0694,Apositos. Absorbentes a Base de Alginato,Pieza,461,45.3875,20923.64,2025
060.088.0710,Apositos. de Nylon Trenzado y Sellado Al,Pieza,49,104.4,5115.6,2025
060.088.0801,Apositos. de Hidropolimero Para Tratamie,Pieza,66,161.4574,10656.19,2025
060.088.0827,Aposito Con Barrera Bacteriana Antimicro,Pieza,240,43.098,10343.52,2025
060.088.0835,Apositos. Con Barrera Antimicrobiana. Es,Pieza,716,190.1611,136155.35,2025
060.088.0850,Apositos. Hidrocelular de Poliuretano Co,Pieza,1002,96.3007,96493.3,2025
060.088.0876,Apósitos. Hidrocelular de Poliuretan,Pieza,35,47.8997,1676.49,2025
060.088.0934,Apositos Transparente Esteril de Poliure,Pieza,99,86.9553,8608.57,2025
060.088.0942,Apositos Transparente Esteril de Poliure,Pieza,600,53.6848,32210.88,2025
060.088.1007,Apositos. Con 80% a 90% de Colageno y 10,Pieza,84,301.6,25334.4,2025
060.110.0068,Balones. Intraaortico de Contrapulsacion,Pieza,3,20205.7446,60617.23,2025
060.110.0076,Balones. Intraaorticodecontrapulsacion.,Pieza,1,31016.1844,31016.18,2025
060.125.0038,Bolsas. Para Alimentacion Parenteral Ped,Pieza,326,117.7284,38379.46,2025
060.125.0244,Bolsas. Para Urocultivo (Niña). Esteril,Pieza,369,15.2192,5615.88,2025
060.125.0491,Bolsa de Polipropileno Desechable Flexib,Pieza,9888,76.966,761039.81,2025
060.125.0582,Bolsas. Para Ileostomia O Colostomia. Ta,Pieza,1367,20.7292,28336.82,2025
060.125.0590,Bolsas P/Ileostomia O Colostomia Equipoc,Equipo,68,178.474,12136.23,2025
060.125.1879,Bolsas Para Recoleccion de Orina Esteril,Pieza,2632,17.9551,47257.82,2025
060.125.2505,Bolsas. Para Uso General de Polietileno.,Pieza,13800,0.3665,5057.7,2025
060.125.2653,Bolsas.Bolsa de Papel de Grado Medico.Pa,Pieza,136986,0.7538,103260.05,2025
060.125.2760,Bolsas.Bolsa de Papel de Grado Medico.Pa,Pieza,71983,0.4187,30139.28,2025
060.125.2836,Bolsas.Bolsa de Papel de Grado Medico.Pa,Pieza,3474,2.4035,8349.76,2025
060.125.2844,Bolsas.Bolsa de Papel de Grado Medico.Pa,Pieza,2785,2.9765,8289.55,2025
060.125.2869,Bolsas.Bolsa de Papel de Grado Medico.Pa,Pieza,22000,1.0553,23216.6,2025
060.125.2877,Bolsas.Bolsa de Papel de Grado Medico.Pa,Pieza,62547,1.9266,120503.05,2025
060.125.3545,Bolsas. Para Alimentacion Parenteral Par,Pieza,1575,125.6512,197900.64,2025
060.130.0015,Botas. Bota Quirurgica de Tela No Tejida,Par,36315,3.0852,112039.04,2025
060.132.0203,Brazaletes. Para Identificacion. de Plas,Pieza,4500,0.5059,2276.55,2025
060.155.0015,Campos Quirurgicos. Campo Quirurgico De,Pieza,468,86.884,40661.71,2025
060.157.0104,Cal Sodada 16 Kg Con Indicador de Origen,Pieza,24,1960.4,47049.6,2025
060.165.0021,Cateteres. Cateter Para Extraccion de Ca,Pieza,5,2424.4,12122.0,2025
060.165.0039,Cateter Para Extraccion de Calculos de V,Pieza,10,2424.4,24244.0,2025
060.165.0070,Cateteres. Cateter Dilatador de Vias Bil,Pieza,4,6262.724,25050.9,2025
060.165.0096,Cateteres. Cateter Dilatador de Vias Bil,Pieza,8,6262.724,50101.79,2025
060.165.0369,Cateter Para Dilatacion de Esofago de 18,Pieza,2,3248.0,6496.0,2025
060.165.0377,Cateter Para Dilatacion de Esofago de 18,Pieza,3,3248.0,9744.0,2025
060.165.0385,Cateter Para Dilatacion de Esofago de 18,Pieza,3,3248.0,9744.0,2025
060.165.0393,Cateter Para Dilatacion de Esofago de 18,Pieza,3,3248.0,9744.0,2025
060.165.0427,Cateter Para Dilatacion de Esofago de 18,Pieza,1,3248.0,3248.0,2025
060.165.0435,Cateter Para Dilatacion de Esofago de 18,Pieza,2,3248.0,6496.0,2025
060.165.0443,Catéteres. Catéter Para Dilatación de Pí,Pieza,2,3248.0,6496.0,2025
060.165.0450,Cateteres. Cateter Para Dilatacion de Pi,Pieza,2,3248.0,6496.0,2025
060.165.0468,Catéteres. Catéter Para Dilatación de Pí,Pieza,3,3248.0,9744.0,2025
060.165.0476,Cateteres. Cateter Para Dilatacion de Pi,Pieza,2,3248.0,6496.0,2025
060.165.0492,Cateteres. Cateter Para Dilatacion de Pi,Pieza,3,4976.4,14929.2,2025
060.165.0500,Cateter Para Dilatacion de Piloro de 180,Pieza,1,3248.0,3248.0,2025
060.165.0518,Cateter Para Dilatacion de Piloro de 180,Pieza,1,3248.0,3248.0,2025
060.165.0716,Canulas. Para Drenaje Toracico Recta Con,Pieza,1,293.828,293.83,2025
060.165.0740,"Cateteres.Cateter Venoso,Subcutaneo,Impl",Pieza,1,4977.4324,4977.43,2025
060.165.0757,"Cateteres.Cateter Venoso,Subcutaneo,Impl",Pieza,98,3483.144,341348.11,2025
060.165.0781,Cateteres. Para Cateterizacion de Arteri,Pieza,110,421.08,46318.8,2025
060.165.0799,Cateteres. Para Cateterizacion de Arteri,Pieza,63,421.08,26528.04,2025
060.165.1268,Catéter Para Dilatación de Colon Con 240,Pieza,1,3480.0,3480.0,2025
060.165.1276,Cateter Para Dilatacion de Colon Con 240,Pieza,4,3932.864,15731.46,2025
060.165.1300,Cateter Para Dilatacion de Colon Con 240,Pieza,2,4234.7733,8469.55,2025
060.165.1318,Cateter Para Dilatacion de Colon Con 240,Pieza,1,3468.4,3468.4,2025
060.165.1359,"Catéter de Doble Lumen Con Ranuras, Mang",Pieza,20,4582.0,91640.0,2025
060.166.0236,Tubos. Endotraqueales Sin Globo. de Clor,Pieza,63,15.8224,996.81,2025
060.166.0269,Tubos. Endotraqueales Sin Globo. de Clor,Pieza,11,14.8248,163.07,2025
060.166.0285,Tubos. Endotraqueales Sin Globo. de Clor,Pieza,11,12.296,135.26,2025
060.166.0301,Canulas. Para Traqueostomia Pediatrica D,Pieza,2,542.55,1085.1,2025
060.166.0533,"Catéter Permanente, Para Hemodiálisis. T",Pieza.,11,3132.0,34452.0,2025
060.166.0558,Canulas. Para Aspiracion Manual Endouter,Pieza,23,203.0,4669.0,2025
060.166.0566,Canulas. Para Aspiracion Manual Endouter,Pieza,23,203.0,4669.0,2025
060.166.0574,Canulas. Para Aspiracion Manual Endouter,Pieza,23,203.0,4669.0,2025
060.166.0582,Canulas. Para Aspiracion Manual Endouter,Pieza,23,203.0,4669.0,2025
060.166.0590,Canulas. Para Aspiracion Manual Endouter,Pieza,49,203.0,9947.0,2025
060.166.0616,Canulas. Para Aspiracion Manual Endouter,Pieza,2,185.6,371.2,2025
060.166.1671,Canula. Para Drenaje Toracico. Recta Con,Pieza,127,82.1744,10436.15,2025
060.166.1689,Canula. Para Drenaje Toracico. Recta Con,Pieza,108,150.8,16286.4,2025
060.166.1903,"Cateteres. Cateter Venoso Central, Calib",Pieza,88,469.3447,41302.33,2025
060.166.1911,"Cateteres. Cateter Venoso Central, Calib",Pieza,13,428.2372,5567.08,2025
060.166.2141,Cateteres. Para Dialisis Peritoneal de I,Pieza,87,435.058,37850.05,2025
060.166.2158,Catéteres. Para Diálisis Peritoneal,Pieza,2,980.6872,1961.37,2025
060.166.2943,Cánulas. Para Traqueostomía Neonatal De,Pieza,1,591.6,591.6,2025
060.166.3008,Canulas. Para Traqueostomia Neonatal De,Pieza,1,591.6,591.6,2025
060.166.3016,Canulas. Para Traqueostomia Neonatal De,Pieza,1,591.6,591.6,2025
060.166.3347,Sondas. Para Aspiracion de Plastico Tran,Pieza,881,11.252,9913.01,2025
060.166.3404,Cateteres. Microcateteres. de Infusion P,Pieza,2,6670.0,13340.0,2025
060.166.3420,Cateteres. Microcateteres. de Infusion P,Pieza,2,6670.0,13340.0,2025
060.166.3438,Cateteres. Microcateteres. de Infusion P,Pieza,2,6670.0,13340.0,2025
060.166.3446,Cateteres. Microcateteres. de Infusion P,Pieza,2,6670.0,13340.0,2025
060.166.3453,Cateteres. Microcateteres. de Infusion P,Pieza,2,6670.0,13340.0,2025
060.166.3461,Cateteres. Microcateteres. de Infusion P,Pieza,7,6670.0,46690.0,2025
060.166.3479,Cateteres. Microcateteres. de Infusion P,Pieza,7,6670.0,46690.0,2025
060.166.3487,Cateteres. Microcateteres. de Infusion P,Pieza,7,6670.0,46690.0,2025
060.166.3495,Cateteres. Microcateteres. de Infusion P,Pieza,7,6670.0,46690.0,2025
060.166.3511,Cateteres. Microcateteres de Infusion Pa,Pieza,10,6670.0,66700.0,2025
060.166.3586,Cateteres. Cateter Multiproposito Con Or,Pieza,20,400.2,8004.0,2025
060.166.4220,Cateter Periferico de Seguridad Para La,Pieza,167,12.76,2130.92,2025
060.166.4253,Cateter Periferico de Seguridad Para La,Pieza,857,12.76,10935.32,2025
060.166.4279,Cateter Periferico de Seguridad Para La,Pieza,5038,11.3777,57320.85,2025
060.166.4311,Cateteres. Para Dilatacion de Arteria Co,Pieza,59,2270.12,133937.08,2025
060.166.4428,Cateteres. Para Dilatacion de Arteria Co,Pieza,41,2270.12,93074.92,2025
060.166.4444,Cateteres. Para Dilatacion de Arteria Co,Pieza,10,2270.12,22701.2,2025
060.166.4477,Neurocorugia Neuroradiologia y Terapia N,Pieza,2,13338.84,26677.68,2025
060.166.4493,Cateter Guia Para Angioplastia Coronaria,Pieza,64,1214.52,77729.28,2025
060.166.4501,Cateter Guia Para Angioplastia Coronaria,Pieza,83,1214.52,100805.16,2025
060.166.4535,Cateter Guia Para Angioplastia Coronaria,Pieza,2,1215.68,2431.36,2025
060.166.4600,Cateter Guia Para Angioplastia Coronaria,Pieza,68,1751.6,119108.8,2025
060.166.4634,Cateter Guia Para Angioplastia Coronaria,Pieza,67,1214.52,81372.84,2025
060.166.4816,Cateter Guia Para Angioplastia Endovascu,Pieza,2,4814.0,9628.0,2025
060.166.4949,Cateter Venoso Subcutaneo Implantable Es,Pieza,2,9958.2752,19916.55,2025
060.167.0466,Canulas Orofaringeas. de Plastico Transp,Pieza,2,8.2754,16.55,2025
060.167.0789,Cateteres. Para Cateterismo Venoso Centr,Pieza,42,46.6134,1957.76,2025
060.167.0888,Canulas. Para Traqueostomia. Constan De,Pieza,3,4963.64,14890.92,2025
060.167.0946,Canulas. Para Traqueostomia Pediatrica D,Pieza,9,543.128,4888.15,2025
060.167.1605,Cateteres. Para Angiografia y Arteriogra,Pieza,22,461.68,10156.96,2025
060.167.2181,Cateteres. Para Registro de Presion Veno,Pieza,8,2992.8,23942.4,2025
060.167.3387,Cateteres. Para Embolectomia. Esteriles,Pieza,120,668.2941,80195.29,2025
060.167.3403,Cateteres. Para Embolectomia. Esteriles,Pieza,119,668.5419,79556.49,2025
060.167.3429,Cateteres. Para Embolectomia. Esteriles,Pieza,185,536.326,99220.31,2025
060.167.3437,Cateteres. Para Embolectomia. Esteriles,Pieza,103,858.0172,88375.77,2025
060.167.3726,Canula. Para Drenaje Toracico. Con Marca,Pieza,3,72.5696,217.71,2025
060.167.4419,Cateteres. Para Embolectomia. Esteriles,Pieza,2,565.8248,1131.65,2025
060.167.5010,Cateteres. Para Suministro de Oxigeno. C,Pieza,6296,7.3533,46296.38,2025
060.167.6638,Cateteres Para Vasos Umbilicales Radiopa,Pieza,11,144.536,1589.9,2025
060.167.6646,Cateteres Para Vasos Umbilicales Radiopa,Pieza,7,227.3948,1591.76,2025
060.167.6653,Cateteres. Para Cateterismo Venoso Centr,Pieza,639,207.64,132681.96,2025
060.167.6661,Cateteres. Para Cateterismo Venoso Centr,Pieza,1052,166.5849,175247.31,2025
060.167.7024,Cateteres. Para Dialisis Peritoneal Cron,Pieza,105,502.57,52769.85,2025
060.167.7032,Cateteres. Para Dialisis Peritoneal Cron,Pieza,2,577.4712,1154.94,2025
060.167.7974,Cateteres. Para Neumotorax Con Valvula D,Pieza,5,1914.0,9570.0,2025
060.167.8139,Sondas. P/ Drenaje Urinario de Permanenc,Pieza,25,51.7891,1294.73,2025
060.167.8238,Tubos. Endotraqueales Sin Globo. de Elas,Pieza,32,20.0257,640.82,2025
060.167.8725,Canulas. Para Traqueostomia Pediatrica D,Pieza,23,544.1129,12514.6,2025
060.167.8782,"Cateteres. Cateter Venoso, Subcutaneo, I",Pieza,6,4017.8147,24106.89,2025
060.168.0945,Canulas. Para Traqueostomia Adulto de Cl,Pieza,24,487.2,11692.8,2025
060.168.1455,Tubos. Endotraqueales Sin Globo. de Elas,Pieza,15,20.764,311.46,2025
060.168.2453,Cateteres. Para Cateterismo Venoso Centr,Pieza,4,0.014,0.06,2025
060.168.2511,Tubos. Endotraqueales. de Plastico Grado,Pieza,424,12.7104,5389.21,2025
060.168.2552,Tubos. Endotraqueales. de Plastico Grado,Pieza,434,12.7027,5512.97,2025
060.168.4277,Sondas. Gastrointestinales Desechables Y,Pieza,65,16.24,1055.6,2025
060.168.4418,Sondas. Gastrointestinales Desechables Y,Pieza,156,19.2908,3009.36,2025
060.168.5340,Tubos. Endotraqueales Sin Globo. de Elas,Pieza,6,20.764,124.58,2025
060.168.5365,Tubos. Endotraqueales Sin Globo. de Elas,Pieza,6,20.764,124.58,2025
060.168.5399,Tubos. Endotraqueales Sin Globo. de Elas,Pieza,11,20.764,228.4,2025
060.168.5456,Tubos. Endotraqueales Sin Globo. de Elas,Pieza,11,20.764,228.4,2025
060.168.6454,Sondas. Uretrales Para Irrigacion Contin,Pieza,13,44.66,580.58,2025
060.168.6603,Cateteres. Para Venoclisis de Fluoropoli,Pieza,2673,5.684,15193.33,2025
060.168.6629,Cateteres. Para Venoclisis.Longitud: 46,Pieza,250,4.7792,1194.8,2025
060.168.6637,Sondas. Para Drenaje Urinario. de Latex,Pieza,656,8.12,5326.72,2025
060.168.6645,Cateteres. Para Venoclisis de Fluoropoli,Pieza,1500,5.22,7830.0,2025
060.168.6652,Sondas. Para Drenaje Urinario. de Látex,Pieza,165,8.12,1339.8,2025
060.168.6660,Cateteres. Para Venoclisis. de Fluoropol,Pieza,8938,4.756,42509.13,2025
060.168.6678,Sondas. Para Drenaje Urinario. de Latex,Pieza,701,8.12,5692.12,2025
060.168.6686,Cateteres. Para Venoclisis. de Fluoropol,Pieza,300,5.0019,1500.57,2025
060.168.8146,Canulas. Para Traqueostomia Adulto de Cl,Pieza,15,487.2,7308.0,2025
060.168.9243,Sondas. Para Alimentacion. de Plastico T,Pieza,133,3.5565,473.01,2025
060.168.9417,Sondas. Para Drenaje. en Forma de T. De,Pieza,11,34.8,382.8,2025
060.168.9425,Sondas. Para Drenaje. en Forma de T. De,Pieza,14,34.8,487.2,2025
060.168.9433,Sondas. Para Drenaje. en Forma de T. De,Pieza,37,34.8,1287.6,2025
060.168.9441,Sondas. Para Drenaje. en Forma de T. De,Pieza,35,34.8,1218.0,2025
060.168.9607,Sondas. Para Drenaje Urinario. de Latex,Pieza,6,34.22,205.32,2025
060.168.9615,Sondas. Para Drenaje Urinario. de Latex,Pieza,23,15.602,358.85,2025
060.168.9623,Sondas. Para Drenaje Urinario. de Latex,Pieza,359,15.602,5601.12,2025
060.168.9631,Sondas. Para Drenaje Urinario. de Latex,Pieza,3314,15.602,51705.03,2025
060.168.9649,Sondas. Para Drenaje Urinario. de Latex,Pieza,485,15.602,7566.97,2025
060.168.9656,Sondas. Para Drenaje Urinario. de Latex,Pieza,28,15.602,436.86,2025
060.168.9664,Sondas. Para Drenaje Urinario. de Latex,Pieza,17,16.82,285.94,2025
060.168.9870,Sondas. Para Esofago. de Tres Vias Punta,Pieza,27,1159.3504,31302.46,2025
060.168.9896,Sondas. Gastrointestinales Desechables Y,Pieza,114,17.2608,1967.73,2025
060.168.9904,Sondas. Gastrointestinales Desechables Y,Pieza,1501,12.1201,18192.27,2025
060.172.0527,Catéter Central de Inserción Periférica.,Pieza,146,3248.0,474208.0,2025
060.182.1432,Cementos Para Hueso Metilmetacrilato Con,Pieza,5,2435.2862,12176.43,2025
060.189.0049,Cepillos. Para Estudio Citologico (Tomad,Pieza,24,3.596,86.3,2025
060.189.0056,Cepillos.. Para Lavado de Instrumental.,Pieza,2,40.5652,81.13,2025
060.189.0304,Cepillos.. Para Uso Quirurgico. de Plast,Pieza,532,17.5151,9318.03,2025
060.196.0057,Ceras. Para Huesos (Pasta de Beck). Este,Pieza,252,22.5233,5675.87,2025
060.203.0165,Cintas. Umbilicales. de Algodon Tejido P,Pieza,2500,2.3084,5771.0,2025
060.203.0363,Cintas. Microporosa de Tela No Tejida Un,Rollo,126,14.8422,1870.12,2025
060.203.0397,Cintas Microporosas de Tela No Tejida Un,Pieza,264,7.4211,1959.17,2025
060.203.0405,Cintas. Microporosa de Tela No Tejida Un,Pieza,100,22.2633,2226.33,2025
060.207.0013,"Circuitos de Ventilacion Para Anestecia,",Equipo,994,307.4,305555.6,2025
060.211.2336,Clavos Intramedulares. Todos Los Compone,Pieza,1,27840.0,27840.0,2025
060.218.0119,Contenedores Desechables de Punzocortant,Pieza,26,77.9636,2027.05,2025
060.230.0212,Sistema de Protesis de Rodilla (Patelo F,Pieza,2,4582.0,9164.0,2025
060.230.0220,Sistema de Protesis de Rodilla (Patelo F,Pieza,2,4582.0,9164.0,2025
060.231.0104,Compresas. Para Vientre. de Algodon Con,Pieza,11020,16.7387,184460.47,2025
060.231.0591,Ropa Quirurgica. Paquete Para Cirugia Ge,Bulto,104,228.3344,23746.78,2025
060.233.0011,Conectores. de Una Via. de Plastico Dese,Pieza,707,2.7492,1943.68,2025
060.233.0052,Conectores. de Una Via. de Plastico Dese,Pieza,835,2.7492,2295.58,2025
060.233.0318,Equipos Domo de Plastico Para Tranductor,Pieza,120,325.1248,39014.98,2025
060.274.0201,Cuerdas. Guia Para Reemplazo de Cateter,Pieza,20,545.2,10904.0,2025
060.274.0326,Cuerdas. Guia Para Reemplazo de Cateter,Pieza,60,2552.0,153120.0,2025
060.274.0383,Cuerdas. Guia Para Angioplastia Coronari,Pieza,45,1241.2,55854.0,2025
060.274.0391,Cuerdas.Guia Para Angioplastia Coronaria,Pieza,7,1241.2,8688.4,2025
060.274.0532,Cuerdas. Guiaextrarrigidacubiertadepolit,Pieza,19,1875.2212,35629.2,2025
060.274.0607,Cuerdas. Guia Para Angioplastia Coronari,Pieza,14,1241.2,17376.8,2025
060.274.0615,Cuerdas. Guia Para Angioplastia Coronari,Pieza,2,1473.2,2946.4,2025
060.274.0797,Cuerdas. Microguia de Acero Inoxidable C,Pieza,10,2552.0,25520.0,2025
060.274.0813,Cuerdas. Microguia de Acero Inoxidable C,Pieza,16,2552.0,40832.0,2025
060.308.0029,Dispositivos. Intrauterino. T de Cobre 3,Pieza,18,16.82,302.76,2025
060.314.0054,Equipo Para Drenaje de la Cavidad Pleura,Equipo,381,591.7547,225458.54,2025
060.337.0164,Engrapadora.Para Piel Con Extractor de G,Pieza,166,151.7604,25192.23,2025
060.337.0180,Engrapadora.Lineal Recargable. Cartucho,Pieza,1,2378.0,2378.0,2025
060.337.0230,Engrapadora.Circular Para Anastomosis Te,Pieza,19,4199.8425,79797.01,2025
060.345.0214,Equipos. Para Nefrostomia Percutanea. Co,Pieza,27,2668.0,72036.0,2025
060.345.0230,Equipos. Para Nefrostomia Percutanea. Co,Pieza,11,2900.0,31900.0,2025
060.345.0305,Equipos. Para Medicion de Presion Venosa,Equipo,1164,24.67,28715.88,2025
060.345.0503,Equipos. Para Aplicacion de Volumenes Me,Equipo,815,23.6481,19273.2,2025
060.345.1865,Equipos. Para Drenaje Por Aspiracion Par,Equipo,292,287.5134,83953.91,2025
060.345.1873,Equipo. Para Drenaje Por Aspiracion Para,Equipo,372,289.018,107514.7,2025
060.345.1907,Equipos. Para Drenaje Naso-Pancreatico I,Pieza,5,2668.0,13340.0,2025
060.345.2301,Equipos. Para Hemodialisis de Insercion,Equipo,36,480.0889,17283.2,2025
060.345.2350,Equipos.Para Intubacion Lagrimal Esteril,Equipo,73,1577.5773,115163.14,2025
060.345.3119,Sistema de Succion Cerrado Para Paciente,Pieza,57,172.84,9851.88,2025
060.345.3127,Sistema de Succion Cerrado Para Paciente,Pieza,397,104.1394,41343.34,2025
060.345.3135,Sistema de Succion Cerrado Para Paciente,Pieza,560,120.1296,67272.58,2025
060.345.3143,Sistema de Succion Cerrado Para Paciente,Pieza,1400,117.7284,164819.76,2025
060.345.3176,Sistemas. Sistema de Succion Cerrado Par,Pieza,700,264.48,185136.0,2025
060.345.3309,Equipos. Equipo Para Ligar Varices Esofa,Pieza,20,2668.0,53360.0,2025
060.345.3465,Introductor de Cateter Arterial y Venoso,Pieza,10,910.0896,9100.9,2025
060.345.3473,Introductor de Cateter Arterial y Venoso,Equipo,15,457.9662,6869.49,2025
060.345.3481,Introductor de Cateter Arterial y Venoso,Pieza,10,406.0,4060.0,2025
060.345.3721,Equipo Recuperador Intravascular de Asa,Pieza,1,17179.6,17179.6,2025
060.345.3788,Equipo Para Anestesia Mixta Epidural/Sub,Equipo,90,844.48,76003.2,2025
060.345.4067,Equipo Para Baño de Esponja. Consta De:-,Equipo,2530,29.2437,73986.56,2025
060.345.4299,Equipo. Equipo Para Anestesia General. E,Pieza,1339,1837.9962,2461076.91,2025
060.345.4315,Equipo de Cateterizacion Venosa Central.,Pieza,114,714.56,81459.84,2025
060.346.0015,Esfinterotomo Para Vias Biliares de Trip,Pieza,184,2628.56,483655.04,2025
060.346.0023,Esfinterotomos. Esfinterotomo Para Vias,Pieza,227,2660.3567,603900.97,2025
060.352.0099,Implantes. Esferas de Metilmetacrilato P,Pieza,12,1606.6,19279.2,2025
060.360.0032,Espejo. Vaginal Desechable Mediano Valva,Pieza,7305,7.7953,56944.67,2025
060.409.0035,Transductor. de Presion Con Accesorios C,Pieza,200,422.4717,84494.34,2025
060.435.0033,Gel. Pirfenidona Gel Cada 100G de Gel Co,Envase,22,1740.0,38280.0,2025
060.435.0041,Gel. Pirfenidona Gel Cada 100G de Gel Co,Envase,16,580.0,9280.0,2025
060.436.0107,Gasas. Seca Cortada de Algodon 100% Larg,Pieza,17910,0.5227,9361.56,2025
060.436.0206,Gasas. Simple Seca. de Algodon Tipo Hosp,Rollo,2,377.1671,754.33,2025
060.436.0552,Gasas. Seca Cortada de Algodon Con Marca,Pieza,435345,0.5772,251281.13,2025
060.446.0014,Grapas. Hemostaticas. de Titanium Ferron,Pinza,22,4096.7333,90128.13,2025
060.446.0022,Grapas. Hemostaticas. de Titanium Ferron,Pinza,94,2900.0,272600.0,2025
060.446.0089,Grapas. Para Aneurisma Tamaño Mini de Ma,Pieza,1,4766.44,4766.44,2025
060.446.0527,Grapas. Para Aneurisma Tamaño Estandar D,Pieza,1,4766.44,4766.44,2025
060.446.0741,Grapas. Para Aneurisma Tamaño Estandar D,Pieza,2,4742.6136,9485.23,2025
060.456.0300,Guantes. Para Cirugia. de Latex Natural,Par,1495,6.38,9538.1,2025
060.456.0334,Guantes. Para Cirugia. de Latex Natural,Par,10416,8.0835,84197.74,2025
060.456.0359,Guantes. Para Cirugia. de Latex Natural,Par,36647,8.1752,299596.55,2025
060.456.0391,Guantes. Para Exploracion Ambidiestro Es,Pieza,39006,1.6791,65494.97,2025
060.456.0649,Guantes. de Nitrilo O Polibutadine-Acryl,Par,6000,4.8488,29092.8,2025
060.461.0147,Guatas. de Tela No Tejida de Algodon 100,Pieza,1532,2.5616,3924.37,2025
060.461.0154,Guatas. de Tela No Tejida de Algodon 100,Pieza,6815,3.4923,23800.02,2025
060.461.0162,Guatas. de Tela No Tejida de Algodon 100,Pieza,264,6.4525,1703.46,2025
060.461.0188,Guatas. de Tela No Tejida de Algodon 100,Pieza,2256,8.6689,19557.04,2025
060.463.1911,Guias Metalicas Para Procedimientos Bili,Pieza,140,2842.0,397880.0,2025
060.470.0112,Hemostaticos. Esponja Hemostatica de Gel,Pieza,201,75.4,15155.4,2025
060.470.0146,Hemostaticos. Satin Hemostatico Absorbib,Pieza,9,119.9109,1079.2,2025
060.470.0195,Hemostáticos. Malla de Celulosa Oxidada,Pieza,318,3325.72,1057578.96,2025
060.483.0117,Hoja Para Bisturi. de Acero Inoxidable.,Pieza,200,1.5415,308.3,2025
060.483.0125,Hoja Para Bisturi. de Acero Inoxidable.,Pieza,911407,1.632,1487416.22,2025
060.483.0133,Hoja Para Bisturi. de Acero Inoxidable.,Pieza,1884034,1.634,3078511.56,2025
060.483.0141,Hoja Para Bisturi. de Acero Inoxidable.,Pieza,5100,2.6088,13304.88,2025
060.491.0018,Papeles. Indicador de Contacto Oclusal.,Pieza,4,14.152,56.61,2025
060.506.1977,Injertos. de Politetrafluoroetileno. Rec,Pieza,1,12735.1992,12735.2,2025
060.506.1993,Injertos. Rectos Todos Anillados de Pare,Pieza,3,24430.7368,73292.21,2025
060.506.2017,Injertos. Conicos Todos Anillados. 7 a 4,Pieza,1,26945.9532,26945.95,2025
060.506.2793,Implantes. Matriz O Esponja de Colageno:,Pieza,70,8143.6253,570053.77,2025
060.506.3858,Injerto Vascular. Injerto Sintetico Comp,Pieza,3,31900.0,95700.0,2025
060.506.3908,Injerto Vascular. Injerto Sintetico Comp,Pieza,6,25752.0,154512.0,2025
060.506.4245,Injerto Vascular. Injerto Sintetico Comp,Pieza,2,31900.0,63800.0,2025
060.506.4492,Protector Respiratorio Con Eficiencia De,Pieza,47602,11.3022,538007.32,2025
060.520.0021,Infusor de Presion Positiva O Bomba de I,Pieza,1714,344.6698,590764.04,2025
060.520.0054,Infusor de Presión Positiva O Bomba de I,Pieza,88,371.2,32665.6,2025
060.527.0198,Introductores. Insertor Guia Para Angiop,Pieza,80,829.4,66352.0,2025
060.527.0578,Introductores. de Cateter Arterial. Cons,Pieza,3,406.0,1218.0,2025
060.532.0084,Equipos. Para Venoclisis. Sin Aguja Este,Pieza,1396,5.7188,7983.44,2025
060.532.0167,Equipos. Para Venoclisis. Sin Aguja Este,Pieza,45841,5.1499,236076.57,2025
060.532.0175,"Equipos. Para Transfusion, Con Filtro, S",Equipo,1838,9.0712,16672.87,2025
060.543.0115,Jaleas. Lubricante. Aseptica. Envase Con,Envase,223,37.8392,8438.14,2025
060.550.0404,Jeringas. de Plastico Con Bulbo de Hule,Pieza,1168,74.24,86712.32,2025
060.550.0438,Jeringas. de Plastico Sin Aguja Con Pivo,Pieza,203007,0.8493,172413.85,2025
060.550.0446,Jeringas. de Plastico Sin Aguja Con Pivo,Pieza,23,1.4502,33.35,2025
060.550.0453,Jeringas de Plastico Sin Aguja Con Pivot,Pieza,6264,2.1112,13224.56,2025
060.550.1279,Jeringa de Plastico Grado Medico Con Piv,Pieza,222,1.1832,262.67,2025
060.550.2186,Jeringa P/Insulina de Plastico Graduadad,Pieza,25800,1.2944,33395.52,2025
060.550.2608,Jeringas. de Plastico Grado Medico de 5M,Pieza,8057,1.0904,8785.35,2025
060.550.2640,Jeringas. de Plástico Para Aplicar,Pieza,200,1.7129,342.58,2025
060.550.2657,Jeringas de Plasticos Para Aplicar Bcg Y,Pieza,100,1.682,168.2,2025
060.550.2715,Jeringas. Jeringa Desechable Para Aplica,Pieza,27650,4.8006,132736.59,2025
060.551.2227,Jeringas. de Plastico Grado Medico P,Pieza,50,3938.2,196910.0,2025
060.598.0010,Llaves de 4 Vias Con Marcas Indicadoras,Pieza,8869,7.656,67901.06,2025
060.598.0036,Llaves. de Tres Vias Con Tubo de Extensi,Pieza,1671,5.6521,9444.66,2025
060.598.0226,Llaves. de Cuatro Vias Sin Extension De,Pieza,1416,4.8189,6823.56,2025
060.602.0030,Fijacion Interna Para Columna Vertebral,Pieza,1,16540.44,16540.44,2025
060.602.0121,Fijacion Interna Para Columna Vertebral,Pieza,2,20883.48,41766.96,2025
060.602.0170,Fijacion Interna Para Columna Vertebral,Pieza,2,128934.0,257868.0,2025
060.602.0220,Fijacion Interna Para Columna Vertebral,Pieza,2,128934.0,257868.0,2025
060.603.0013,Mallas. Malla de Polipropileno Anudado D,Pieza,6,229.68,1378.08,2025
060.603.0096,Mallas Totalmente Bioabsorbible. Malla S,Pieza,3,44196.0,132588.0,2025
060.603.0104,Mallas Totalmente Bioabsorbible. Malla S,Pieza,3,44196.0,132588.0,2025
060.604.0418,Marcapaso Cardiaco Bicameral Con Activid,Pieza,9,15688.4896,141196.41,2025
060.604.0434,Marcapaso Cardiaco Definitivo Bipolar De,Pieza,23,10585.3174,243462.3,2025
060.607.0068,Accesorios Para Marcapasos. Electrodo Pa,Pieza,40,3848.2565,153930.26,2025
060.620.0095,Materiales Para Cirugia de Pie. Tornillo,Pieza,1,1740.0,1740.0,2025
060.620.0277,Materiales Para Cirugia de Pie. Clavo Co,Pieza,1,1740.0,1740.0,2025
060.620.0541,Materiales Para Cirugia de Pie. Placa De,Pieza,1,4060.0,4060.0,2025
060.621.0482,Mascarillas. Desechable Para Administrac,Pieza,22,21.6108,475.44,2025
060.621.0656,Cubreboca Quirurgico Elaborado Con Dos C,Pieza,293769,0.4408,129493.38,2025
060.622.0010,Material Para Impresion y Accesorios. Al,Pieza,4,267.3336,1069.33,2025
060.623.0852,Espaciadores. de Volumen de Plastico De,Pieza,14,174.0,2436.0,2025
060.623.0894,Protesis en Cirugia de Cabeza y Cuello.,Equipo,3,7164.9333,21494.8,2025
060.626.0149,Prendas de Compresion. Mangas de Compres,Pieza,10,533.6,5336.0,2025
060.626.0156,Prendas de Compresion. Mangas de Compres,Pieza,10,533.6,5336.0,2025
060.626.0172,Prendas de Compresion. Mangas de Compres,Pieza,10,533.6,5336.0,2025
060.626.0180,Prendas de Compresion. Mangas de Compres,Pieza,10,533.6,5336.0,2025
060.628.0014,Protesis en Cirugia de Cabeza y Cuello.,Pieza,1,11426.0,11426.0,2025
060.665.0323,Sistemas. Oclusor Para el Cierre de Cond,Pieza,1,60204.0,60204.0,2025
060.665.0398,Oclusor Cardiaco. Nitinol Electropulidoy,Pieza,7,207059.9999,1449420.0,2025
060.681.0034,Pañales. de Forma Anatomica Desechables,Pieza,8726,1.7869,15592.49,2025
060.681.0042,Pañales. de Forma Anatomica Desechables,Pieza,5445,2.7724,15095.72,2025
060.681.0059,Pañales. de Forma Anatomica Desechables,Pieza,1179,2.9073,3427.71,2025
060.681.0067,Pañales. Predoblados Desechables. Para A,Pieza,47831,8.1084,387832.88,2025
060.703.0202,Clavos Intramedulares. Todos Los Compone,Pieza,2,1160.0,2320.0,2025
060.703.0350,Clavos Intramedulares. Todos Los Compone,Pieza,2,1160.0,2320.0,2025
060.703.0699,Clavos Intramedulares. Todos Los Compone,Pieza,2,1160.0,2320.0,2025
060.703.1028,Clavos Intramedulares. Todos Los Compone,Pieza,2,1160.0,2320.0,2025
060.703.1135,Clavos Intramedulares. Todos Los Compone,Pieza,2,1160.0,2320.0,2025
060.703.1341,Clavos Intramedulares. Todos Los Compone,Pieza,2,1160.0,2320.0,2025
060.703.1622,Clavos Intramedulares. Todos Los Compone,Pieza,2,1160.0,2320.0,2025
060.711.0038,Testigos. Controles Biologicos Para Mate,Pieza,400,15.9805,6392.2,2025
060.722.0316,Placas. Placa y Tornillos de Acero Inoxi,Pieza,1,20880.0,20880.0,2025
060.722.0373,Placas. Placa y Tornillos de Acero Inoxi,Pieza,2,2088.0,4176.0,2025
060.722.0431,Clavos Intramedulares. Todos Los Compone,Pieza,2,2900.0,5800.0,2025
060.722.0449,Clavos Intramedulares. Todos Los Compone,Pieza,2,2900.0,5800.0,2025
060.722.0456,Placas. Placa de Bajo Contacto de Compre,Pieza,2,13920.0,27840.0,2025
060.722.0464,Placas. Placa de Bajo Contacto de Compre,Pieza,1,13920.0,13920.0,2025
060.722.0472,Placas. Placa de Bajo Contacto de Compre,Pieza,2,21460.0,42920.0,2025
060.722.0498,Placas. Placa de Bajo Contacto de Compre,Pieza,2,21460.0,42920.0,2025
060.722.0506,Placas. Placa de Bajo Contacto de Compre,Pieza,1,16240.0,16240.0,2025
060.722.0514,Placas. Placa de Bajo Contacto de Compre,Pieza,2,23200.0,46400.0,2025
060.722.0522,Placas. Placa de Bajo Contacto de Compre,Pieza,2,23200.0,46400.0,2025
060.722.0530,Placas. Placa de Bajo Contacto de Compre,Pieza,2,29000.0,58000.0,2025
060.722.0548,Placas. Placa de Bajo Contacto de Compre,Pieza,2,25520.0,51040.0,2025
060.722.0555,Placas. Placa de Bajo Contacto de Compre,Pieza,2,25520.0,51040.0,2025
060.722.0563,Placas. Placa de Bajo Contacto de Compre,Pieza,2,27840.0,55680.0,2025
060.722.0571,Placas. Placa de Bajo Contacto de Compre,Pieza,1,27840.0,27840.0,2025
060.722.0589,Placas. Placa de Bajo Contacto de Compre,Pieza,1,27840.0,27840.0,2025
060.722.0605,Placas. Placa de Bajo Contacto de Compre,Pieza,1,18560.0,18560.0,2025
060.722.0613,Placas. Placa de Bajo Contacto de Compre,Pieza,2,18560.0,37120.0,2025
060.722.0621,Placas. Placa de Bajo Contacto de Compre,Pieza,2,18560.0,37120.0,2025
060.722.0639,Placas. Placa de Bajo Contacto de Compre,Pieza,2,8120.0,16240.0,2025
060.722.0647,Placas. Placa de Bajo Contacto de Compre,Pieza,2,18560.0,37120.0,2025
060.722.0654,Placas. Placa de Bajo Contacto de Compre,Pieza,1,8120.0,8120.0,2025
060.722.0662,Placas. Sistema Placa Bloqueada Para Fem,Pieza,2,25520.0,51040.0,2025
060.725.0974,Placas. Placas Anguladas a 120 Grados Pa,Pieza,1,9860.0,9860.0,2025
060.725.1212,"Placas. Placas en ""L"" Para Tornillos De",Pieza,2,13920.0,27840.0,2025
060.725.1337,Placas. Placas Anguladas a 80 O 90 O 100,Pieza,2,9860.0,19720.0,2025
060.725.1428,Placas. Placas Condilea de Sosten Con Or,Pieza,2,11020.0,22040.0,2025
060.725.1626,Placas. Placas en Trebol Con 6 Orificios,Pieza,2,7540.0,15080.0,2025
060.725.1642,Placas. Placas Rectas Con Orificios de C,Pieza,2,5220.0,10440.0,2025
060.725.1873,"Placas. Placas en ""T"" Angulo Recto Para",Pieza,2,5220.0,10440.0,2025
060.725.1923,Placas. Placas en Sts Angulo Oblicuo Par,Pieza,2,5220.0,10440.0,2025
060.725.2061,Placas. Placas Para Reconstruccion Recta,Pieza,1,5220.0,5220.0,2025
060.725.2723,Placas. Placas Rectas Anchas Con Orifici,Pieza,2,5220.0,10440.0,2025
060.725.2988,Placas. Placas Rectas Angostas Con Orifi,Pieza,2,5220.0,10440.0,2025
060.725.5148,Placas. Placas Anguladas a 95 Grados Con,Pieza,2,9860.0,19720.0,2025
060.725.5338,Placas. Placas Para Tornillo Dinamico De,Pieza,2,9860.0,19720.0,2025
060.725.5486,Placas. Placas Para Tornillo Dinamico De,Pieza,2,9860.0,19720.0,2025
060.725.6609,Placas. Placas Para Tornillo Dinamico De,Pieza,2,9860.0,19720.0,2025
060.725.6633,Placas. Placas Para Tornillo Dinamico De,Pieza,2,11020.0,22040.0,2025
060.725.7284,Placas. Placas Rectas Con Orificios de C,Pieza,1,16240.0,16240.0,2025
060.725.9421,Placas. Placa Angulada a 130 Grados. Num,Pieza,2,9860.0,19720.0,2025
060.725.9504,Placas. Placa Angulada a 130 Grados. Num,Pieza,2,9860.0,19720.0,2025
060.725.9835,Placas. Placa Para Calcaneo; de Acero In,Pieza,2,11020.0,22040.0,2025
060.725.9934,Placas. Placas de Sosten Lateral Para Ti,Pieza,2,8700.0,17400.0,2025
060.746.0243,Protesis de Cadera Para Hemiartroplastia,Pieza,2,20880.0,41760.0,2025
060.746.7099,Protesis de Cadera Cementada de Cromo-Co,Pieza,2,13920.0,27840.0,2025
060.746.7222,Protesis de Cadera Cementada de Cromo-Co,Pieza,2,9048.0,18096.0,2025
060.746.7248,Protesis de Cadera Cementada de Cromo-Co,Pieza,1,25520.0,25520.0,2025
060.747.0101,Protesis de Cadera Para Revision Cementa,Pieza,2,52200.0,104400.0,2025
060.747.0192,Protesis de Cadera Para Revision Cementa,Pieza,1,55680.0,55680.0,2025
060.747.0754,Protesis de Rodilla de Cromo-Cobalto. Un,Pieza,2,17980.0,35960.0,2025
060.747.0796,Protesis de Rodilla de Cromo-Cobalto. Un,Pieza,2,1624.0,3248.0,2025
060.747.0838,Protesis de Rodilla de Cromo-Cobalto. Un,Pieza,2,9860.0,19720.0,2025
060.747.0952,Protesis de Revision de Rodilla. Compo,Pieza,2,31320.0,62640.0,2025
060.747.1158,Protesis de Rodilla de Cromo-Cobalto. Un,Pieza,2,2900.0,5800.0,2025
060.747.1174,Protesis de Revision de Rodilla. Cuñas,Pieza,2,15776.0,31552.0,2025
060.747.1331,Protesis de Rodilla de Cromo-Cobalto. Un,Pieza,2,214600.0,429200.0,2025
060.747.1356,Protesis de Rodilla de Cromo-Cobalto. Un,Pieza,2,16240.0,32480.0,2025
060.747.1710,Protesis Para Cadera. Todos Los Componen,Pieza,1,20300.0,20300.0,2025
060.747.1893,Protesis de Cadera Para Revision Cementa,Pieza,2,76096.0,152192.0,2025
060.747.2149,Protesis de Cadera Para Revision Cementa,Pieza,2,11600.0,23200.0,2025
060.747.2271,Protesis de Cadera No Cementada en Aleac,Pieza,1,28420.0,28420.0,2025
060.747.2354,Protesis. Para Conducto Biliar. Tipo: Co,Pieza,83,740.08,61426.64,2025
060.747.2370,Protesis Testicular de Silicon Testicula,Pieza,5,7064.4,35322.0,2025
060.747.2388,Protesis Testicular de Silicon Testicula,Pieza,3,7064.4,21193.2,2025
060.747.2396,Protesis Testicular. de Silicon Testicu,Pieza,4,7331.2,29324.8,2025
060.747.2453,Protesis de Cadera Cementada de Cromo-Co,Pieza,1,13572.0,13572.0,2025
060.747.3089,Protesis Para Cadera. Todos Los Componen,Pieza,1,17357.6832,17357.68,2025
060.747.5399,Protesis Para Cadera. Todos Los Componen,Pieza,2,33060.0,66120.0,2025
060.747.5407,Protesis Para Cadera. Todos Los Componen,Pieza,1,33060.0,33060.0,2025
060.747.5415,Protesis Para Cadera. Todos Los Componen,Pieza,2,33060.0,66120.0,2025
060.747.5423,Protesis Para Cadera. Todos Los Componen,Pieza,2,33060.0,66120.0,2025
060.747.5456,Protesis Para Cadera. Todos Los Componen,Pieza,2,33060.0,66120.0,2025
060.747.5464,Protesis Para Cadera. Todos Los Componen,Pieza,1,33060.0,33060.0,2025
060.747.5472,Protesis Para Cadera. Todos Los Componen,Pieza,2,33060.0,66120.0,2025
060.747.5480,Protesis Para Cadera. Todos Los Componen,Pieza,2,33060.0,66120.0,2025
060.747.5506,Protesis Para Cadera. Todos Los Componen,Pieza,1,33060.0,33060.0,2025
060.747.5985,Protesis de Cadera No Cementada en Aleac,Pieza,10,2593.1073,25931.07,2025
060.747.6884,Protesis de Revision de Rodilla. Tamaño:,Pieza,2,16240.0,32480.0,2025
060.747.6991,Protesis de Cadera Para Revision Cementa,Pieza,2,55680.0,111360.0,2025
060.747.7064,Protesis de Cadera Cementada de Cromo-Co,Pieza,1,21460.0,21460.0,2025
060.747.7098,Protesis de Cadera Cementada de Cromo-Co,Pieza,1,21460.0,21460.0,2025
060.747.9870,Sistemas de Endoprotesis Para Tratamient,Pieza,2,323640.0,647280.0,2025
060.748.0266,Protesis de Cadera Cementada de Cromo-Co,Pieza,2,13572.0,27144.0,2025
060.748.0597,Protesis de Cadera Cementada de Cromo-Co,Pieza,2,13920.0,27840.0,2025
060.748.0852,Protesis de Revision de Rodilla. Compone,Pieza,2,38280.0,76560.0,2025
060.748.0936,Protesis de Revision de Rodilla. Extensi,Pieza,2,20880.0,41760.0,2025
060.748.0951,Protesis de Revision de Rodilla. Extensi,Pieza,2,20880.0,41760.0,2025
060.748.1819,Protesis Para Cadera. Diametro Externo:,Pieza,2,11600.0,23200.0,2025
060.748.1850,Protesis Para Cadera. Diametro Externo:,Pieza,1,11600.0,11600.0,2025
060.748.2155,Protesis Para Cadera Total Cementada De,Pieza,1,13572.0,13572.0,2025
060.748.2239,Protesis Para Cadera Total Cementada De,Pieza,2,13572.0,27144.0,2025
060.748.2544,Cadera Parcial Bipolar No Cementada. Tod,Pieza,2,11600.0,23200.0,2025
060.748.2585,Cadera Parcial Bipolar No Cementada. Tod,Pieza,1,32480.0,32480.0,2025
060.748.2676,Protesis de Cadera Cementada de Cromo-Co,Pieza,2,13920.0,27840.0,2025
060.748.2833,Protesis Total de Rodilla Cementada Sin,Pieza,2,17980.0,35960.0,2025
060.748.2866,Protesis Total de Rodilla Cementada Sin,Pieza,2,16240.0,32480.0,2025
060.748.2890,Protesis Total de Rodilla Cementada Con,Pieza,2,9860.0,19720.0,2025
060.748.2924,Protesis Total de Rodilla Cementada Con,Pieza,2,16240.0,32480.0,2025
060.748.3427,Protesis de Cadera Cementada de Cromo-Co,Pieza,1,13920.0,13920.0,2025
060.748.3476,Protesis de Cadera Cementada de Cromo-Co,Pieza,2,2900.0,5800.0,2025
060.748.3880,Protesis. Protesis Para Conducto Pancrea,Pieza,1,1869.92,1869.92,2025
060.748.4169,"Protesis de Cadera Cementada, de Cromo-C",Pieza,2,13572.0,27144.0,2025
060.748.4268,"Protesis de Cadera Cementada, de Cromo-C",Pieza,2,13572.0,27144.0,2025
060.748.4342,Protesis de Cadera Cementada de Cromo-Co,Pieza,1,13920.0,13920.0,2025
060.748.4474,Protesis de Cadera Cementada de Cromo-Co,Pieza,2,25520.0,51040.0,2025
060.748.4607,Protesis de Cadera Cementada de Cromo-Co,Pieza,2,25520.0,51040.0,2025
060.748.4706,Protesis de Cadera Cementada de Cromo-Co,Pieza,2,25520.0,51040.0,2025
060.748.6933,Sistemas de Endoprotesis Para Tratamient,Pieza,1,58000.0,58000.0,2025
060.748.8830,Protesis Endovascular Coronaria (Stent),Pieza,79,11252.0,888908.0,2025
060.748.8913,Protesis Endovascular. Stent Autoexpandi,Pieza,1,23664.0,23664.0,2025
060.771.0050,Rastrillos. Con Dientes de Bordes Romos,Pieza,214,2.784,595.78,2025
060.830.7070,Sondas. Para Drenaje Toracico de Elastom,Pieza,1,80.04,80.04,2025
060.830.7088,Sondas. Para Drenaje Toracico de Elastom,Pieza,1,134.6296,134.63,2025
060.830.7187,Sondas. Sonda Para Nutricion Enteral,Pieza,6,278.5977,1671.59,2025
060.833.0171,Liquidos. Pesado Purificado Para Uso Int,Envase,6,4848.8,29092.8,2025
060.833.0189,Liquidos. Preservador de Cornea Que Cont,Frasco,1,3419.68,3419.68,2025
060.833.0353,Solucion de Lavado y Preservacion de Org,Envase,92,4286.3461,394343.84,2025
060.841.0015,Suturas. Sinteticas Absorbibles Polimero,Pieza,36,114.8429,4134.34,2025
060.841.0171,Suturas. Sinteticas No Absorbibles Mono,Pieza,12,15.573,186.88,2025
060.841.0197,Suturas. Sinteticas No Absorbibles Mono,Pieza,720,19.3333,13919.98,2025
060.841.0205,Suturas. Sinteticas No Absorbibles Mono,Pieza,180,19.14,3445.2,2025
060.841.0221,Suturas. Sinteticas No Absorbibles Mono,Pieza,5592,9.9741,55775.17,2025
060.841.0239,Suturas. Sinteticas No Absorbibles Mono,Pieza,94,82.1666,7723.66,2025
060.841.0254,Suturas. Sinteticas No Absorbibles Mono,Pieza,989,51.7167,51147.82,2025
060.841.0296,Suturas. Sinteticas No Absorbibles Mono,Pieza,13,44.95,584.35,2025
060.841.0312,Suturas. Sinteticas No Absorbibles Mono,Pieza,71,46.8833,3328.71,2025
060.841.0346,Suturas. Sinteticas No Absorbibles Mono,Pieza,288,109.987,31676.26,2025
060.841.0353,Suturas. Sinteticas No Absorbibles Mono,Pieza,84,73.0091,6132.76,2025
060.841.0512,"Sutura No Absorbible, Monofilamento de P",Pieza,432,115.408,49856.26,2025
060.841.0551,Suturas. Catgut Cromico Con Aguja. Long,Pieza,301,24.94,7506.94,2025
060.841.0569,Suturas. Catgut Cromico Con Aguja. Long,Pieza,6,17.69,106.14,2025
060.841.0585,Suturas. Catgut Cromico Con Aguja. Long,Pieza,36,46.7861,1684.3,2025
060.841.0601,Suturas. Seda Negra Trenzada Long de La,Pieza,24,24.07,577.68,2025
060.841.0619,Suturas. Seda Negra Trenzada Long de La,Pieza,84,18.6015,1562.53,2025
060.841.0700,Suturas. Seda Negra Trenzada Con Aguja.,Pieza,24,38.4733,923.36,2025
060.841.0734,Suturas. Seda Negra Trenzada Sin Aguja.,Pieza,204,33.0702,6746.32,2025
060.841.0775,Suturas. Seda Negra Trenzada Sin Aguja.,Pieza,33,35.4409,1169.55,2025
060.841.0858,Suturas. Sinteticas Absorbibles Polimero,Pieza,147,16.4333,2415.7,2025
060.841.0866,Suturas. Sinteticas Absorbibles Polimero,Pieza,504,14.0166,7064.37,2025
060.841.0882,Suturas. Sinteticas Absorbibles Polimero,Pieza,4105,20.5962,84547.85,2025
060.841.0916,Suturas. Sinteticas Absorbibles Polimero,Pieza,1152,23.49,27060.48,2025
060.841.1161,Suturas. Sinteticas No Absorbibles Monof,Pieza,24,100.9528,2422.87,2025
060.841.1211,Suturas. Sinteticas No Absorbibles de Po,Pieza,36,44.2201,1591.92,2025
060.841.1336,Suturas. Sinteticas No Absorbibles de Po,Pieza,60,20.3,1218.0,2025
060.841.1344,Suturas. Sinteticas Absorbibles. Monofil,Pieza,12,53.9883,647.86,2025
060.841.1393,Suturas. Catgut Simple Con Aguja. Long:,Pieza,48,28.9033,1387.36,2025
060.841.1435,Suturas. Sinteticas Absorbibles. Monofil,Pieza,12,73.4389,881.27,2025
060.841.2268,Suturas. Sinteticas No Absorbibles Monof,Pieza,69,25.52,1760.88,2025
060.841.2276,Suturas. Sinteticas Absorbibles Monofila,Pieza,36,59.8833,2155.8,2025
060.841.2441,Suturas. Monofilamento Nylon Aguja de 1/,Pieza,36,153.2166,5515.8,2025
060.841.3282,Suturas. Catgut Crómico Con Aguja. Longi,Pieza,21,236.2533,4961.32,2025
060.841.4371,Suturas. Catgut Cromico Long: 68 a 75 Cm,Pieza,22,23.8766,525.29,2025
060.841.4462,Suturas. Catgut Cromico Long: 68 a 75 Cm,Pieza,48,18.878,906.14,2025
060.841.4470,Suturas. Catgut Cromico Long: 68 a 75 Cm,Pieza,151,20.0722,3030.9,2025
060.842.0246,Suturas. de Monofilamento Sintetico Abso,Pieza,204,72.4033,14770.27,2025
060.842.0329,Suturas. de Monofilamento Sintetico Abso,Pieza,612,44.8533,27450.22,2025
060.842.0337,Suturas. de Monofilamento Sintetico Abso,Pieza,2338,31.3485,73292.79,2025
060.842.0352,Suturas. de Monofilamento Sintético Abso,Pieza,60,35.3155,2118.93,2025
060.842.0469,Suturas. Sintéticas No Absorbibles Mono,Pieza,12,21.3633,256.36,2025
060.842.0477,Suturas. Sinteticas Absorbibles. Monofil,Pieza,24,199.8735,4796.96,2025
060.842.0527,Suturas. Sinteticas Absorbibles. Monofil,Pieza,48,98.9093,4747.65,2025
060.842.0535,Suturas. Sintéticas No Absorbibles Mono,Pieza,36,26.5833,957.0,2025
060.859.0592,Tapon Desinfectante. el Tapon Desinfecta,Tira,400,53.6977,21479.08,2025
060.869.0202,Telas Adhesivas. de Acetato Con Adhesivo,Pieza,306,79.5,24327.0,2025
060.879.0218,Termómetros. Termómetro Que Permite Medi,Pieza,57,406.0,23142.0,2025
060.894.0052,Toallas. Para Gineco-Obstetricia. Rectan,Pieza,29800,1.7513,52188.74,2025
060.898.2054,Fijadores Externos. Clavo Tipo Schanz De,Pieza,1,1740.0,1740.0,2025
060.898.2310,Clavos Intramedulares. Todos Los Compone,Pieza,1,5220.0,5220.0,2025
060.898.3169,Placas. Placa de Bajo Contacto de Compre,Pieza,2,1618.8364,3237.67,2025
060.898.3227,Placas. Sistema Placa Bloqueada Para Fem,Pieza,2,1392.0,2784.0,2025
060.899.1428,Placas. Placas Para Tornillo Dinamico De,Pieza,5,9015.9398,45079.7,2025
060.899.2673,Tornillos Tornillos Para Hueso Esponjoso,Pieza,4,875.3012,3501.2,2025
060.899.7490,Fijadores Externos. Clavo Tipo Schanz De,Pieza,2,1740.0,3480.0,2025
060.904.0100,Algodones. Torundas. Envase Con 500 G.,Envase,2111,74.24,156720.64,2025
060.908.0130,Tubo Para Canalizacion. de Latex Natural,Pieza,10,9.86,98.6,2025
060.908.0924,Tubos. Tubo Para Aspirador. de Hule Láte,Pieza,307,431.404,132441.03,2025
060.908.5089,Fijadores Externos. Tubos de Transporte,Pieza,2,10440.0,20880.0,2025
060.912.0167,Fijadores Externos. Tuerca de Montaje Co,Pieza,2,2900.0,5800.0,2025
060.912.0183,Fijadores Externos. Tuerca de Transporte,Pieza,2,2900.0,5800.0,2025
060.912.0191,Fijadores Externos. Tuerca Para Barra Ro,Pieza,2,2900.0,5800.0,2025
060.932.2649,Valvulas. P/Derivacion de Liquido Cefalo,Pieza,25,6789.944,169748.6,2025
060.932.6558,Protesis en Cirugia de Cabeza y Cuello.,Equipo,1,11426.0,11426.0,2025
060.953.0456,Vendas. Enyesadas de Gasa de Algodon Rec,Pieza,120,11.4327,1371.92,2025
060.953.0555,Vendas. Enyesadas de Gasa de Algodon Rec,Pieza,2065,22.2536,45953.68,2025
060.953.0571,Vendas. Enyesadas de Gasa de Algodon Rec,Pieza,1730,23.8641,41284.89,2025
060.953.2825,Vendas. Elasticas de Tejido Plano ; de A,Pieza,1928,17.4867,33714.36,2025
060.953.2858,Vendas. Elasticas de Tejido Plano ; de A,Pieza,1080,4.4466,4802.33,2025
060.953.2866,Vendas. Elasticas de Tejido Plano ; de A,Pieza,2340,6.4766,15155.24,2025
060.953.2874,Vendas. Elasticas de Tejido Plano ; de A,Pieza,4574,8.862,40534.79,2025
060.953.3252,Vendas. Venda Inmovilizadora de Fibra De,Pieza,95,58.2088,5529.84,2025
060.953.3278,Vendas. Venda Inmovilizadora de Fibra De,Pieza,41,92.1388,3777.69,2025
060.960.0011,Aerosol Para Tratamiento de Heridas.. Ae,Pieza,8,5914.84,47318.72,2025
0705810117,Medios de Contraste Hidrosolubles No Ion,Frasco,100,639.16,63916.0,2025
070.581.0109,Medios de Contraste Hidrosolubles No Ion,Frasco,4850,417.6,2025360.0,2025
070.581.0117,Medios de Contraste Hidrosolubles No Ion,Frasco,1904,638.0,1214752.0,2025
070.581.0158,Medios de Contraste Hidrosolubles No Ion,Frasco,1700,729.2,1239640.0,2025
070.590.0066,Sulfato de Bario. Polvo en Bolsa Desecha,Bolsa,775,548.68,425227.0,2025
070.591.0040,Gel Conductor. Agente Acuoso Para Ultras,Envase,175,337.1571,59002.49,2025
070.592.0080,Medios de Contraste Para Resonancia Magn,Frasco,2550,479.8667,1223660.09,2025
0809090541,Tubos. de Ensaye; Vidrio Refractario Sin,Pieza,116000,4.3516,504785.6,2025
080.025.0359,Agujas. Aguja Para Toma y Recoleccion De,Envase,1151,215.76,248339.76,2025
080.070.0023,Sustancias Biologicas. Anticuerpo Monocl,Vial,1,21336.5528,21336.55,2025
080.070.1179,Sustancias Biologicas Anticuerpo Monoclo,Frasco,1,24384.6384,24384.64,2025
080.070.1831,Sustancias Biologicas Anticuerpo Monoclo,Frasco,1,32285.5724,32285.57,2025
080.070.2797,Anticuerpo Monoclonal Anti-Actina Muscul,Vial,2,43715.876,87431.75,2025
080.070.2805,Anticuerpo Monoclonal Anti Melan-A Para,Vial,1,13796.5644,13796.56,2025
080.070.2821,Anticuerpo Monoclonal Anti-Celulas Mesot,Vial,3,25026.3388,75079.02,2025
080.070.2839,Anticuerpo Monoclonal Anti Ciclina D1 Pa,Vial,1,54544.5688,54544.57,2025
080.070.2847,Anticuerpo Monoclonal Anti-Myo D1 Para I,Vial,2,33849.7164,67699.43,2025
080.070.2854,Anticuerpo Monoclonal Anti-Cd4. Para Inm,Vial,3,45721.1912,137163.57,2025
080.070.2862,Anticuerpo Monoclonal Anti Cd 20. Para I,Vial,1,12793.9068,12793.91,2025
080.070.2870,Anticuerpo Monoclonal Anti Cd23 Para Inm,Vial,1,30119.8292,30119.83,2025
080.070.2904,Anticuerpo Monoclonal Anti Cd 68 (Macrof,Vial,1,12793.9068,12793.91,2025
080.070.2912,Anticuerpo Monoclonal Anti Cd79. Para In,Vial,1,28114.514,28114.51,2025
080.070.2938,Anticuerpo Monoclonal Anti Ca 125. Parai,Vial,1,38542.16,38542.16,2025
080.070.2946,Anticuerpo Monoclonal Anti Cd138 Para In,Vial,1,28435.37,28435.37,2025
080.070.2953,Anticuerpo Monoclonal Anti-P-53. Para In,Vial,1,38381.732,38381.73,2025
080.070.2961,Anticuerpo Monoclonal Anti Calponina. Pa,Vial,1,24224.2104,24224.21,2025
080.070.2979,Anticuerpo Monoclonal Anti Citomegalovir,Vial,1,30721.4284,30721.43,2025
080.070.3027,Anticuerpo Monoclonal Anti Factor de Tra,Vial,1,13034.5488,13034.55,2025
080.070.3035,Anticuerpo Monoclonal Anti Glicoforina A,Vial,1,17526.4516,17526.45,2025
080.070.3084,Anticuerpo Monoclonal Anti Miogenina. Pa,Vial,1,24625.2688,24625.27,2025
080.070.3092,Anticuerpo Monoclonal Anti Oncoproteinab,Vial,1,16243.0508,16243.05,2025
080.070.3118,Anticuerpo Monoclonal Anti Proteina Bcl6,Vial,1,31082.3856,31082.39,2025
080.070.3134,Anticuerpo Monoclonal Anti Proteina Tumo,Vial,1,19050.4944,19050.49,2025
080.070.3167,Anticuerpo Monoclonal Anti-Queratina Ae1,Vial,3,16122.7356,48368.21,2025
080.070.3175,Anticuerpo Monoclonal Anti Cd 31 Para In,Vial,1,18529.1092,18529.11,2025
080.070.3183,Anticuerpo Monoclonal Anti-Cd 15 Para In,Vial,1,23823.1404,23823.14,2025
080.070.3209,Anticuerpo Monoclonal Anti-Desmina Para,Vial,1,26349.8408,26349.84,2025
080.070.3258,Anticuerpo Policlonal Anti-S 100 Para In,Vial,1,18689.5372,18689.54,2025
080.070.3266,Anticuerpo Monoclonal Anti Vimentina Par,Vial,1,19010.3932,19010.39,2025
080.070.3274,Diluyente de Anticuerpos Para Inmunohist,Prueba,80,6457.1168,516569.34,2025
080.070.3282,Anticuerpo Monoclonal Anti-Muc2 Para Inm,Vial,1,25788.3544,25788.35,2025
080.070.3290,Anticuerpo Monoclonal Anti-Muc5Ac. Para,Vial,1,30320.37,30320.37,2025
080.070.3308,Anticuerpo Monoclonal Anti-Muc6 Para Inm,Vial,1,20173.4672,20173.47,2025
080.070.3316,Anticuerpo Monoclonal Anti-Proteina Alk-,Vial,1,43314.806,43314.81,2025
080.070.3340,Anticuerpo Monoclonal Anti Cd 3. Para In,Vial,2,26630.584,53261.17,2025
080.070.3357,Anticuerpo Monoclonal Anti-Cd45 Antigeno,Vial,2,12793.9068,25587.81,2025
080.070.3365,Anticuerpo Monoclonal Anti Cd 5. Para In,Vial,2,38622.374,77244.75,2025
080.070.3373,Anticuerpo Monoclonal Anticitoqueratina,Vial,2,18769.7512,37539.5,2025
080.070.3399,Anticuerpo Policlonal Anti Mieloperoxida,Vial,2,18970.2804,37940.56,2025
080.070.3407,Anticuerpo Monoclonal Anti Antigeno de M,Vial,1,13034.5488,13034.55,2025
080.074.1191,Sustancias Biologicas Antigeno Especific,Vial,1,19331.2376,19331.24,2025
080.074.1977,Tuberculina Ppd. Derivado Proteico Purif,Fco/Amp,27,3712.0,100224.0,2025
080.229.0023,Reactivos y Juegos de Reactivos Para Pru,Frasco,26,467.5258,12155.67,2025
080.229.0072,Reactivos y Juegos de Reactivos Para Pru,Frasco,10,255.2,2552.0,2025
080.229.0080,Azul de Metileno de Löeffler.Colorante D,Frasco,10,438.48,4384.8,2025
080.235.0140,Cuchillas Desechables Con Adaptador Para,Paquete,160,4823.28,771724.8,2025
080.431.1710,Frascos Ambar Con Boca Ancha y Tapon Esm,Pieza,23,229.68,5282.64,2025
080.583.0155,Lapices Marcadores Para Marcar Vidrio O,Pieza,10,208.8,2088.0,2025
080.592.0014,Detergentes Para Lavado de Material de V,Envase,16,135.178,2162.85,2025
080.602.0467,Matraces de Vidrio Refractario Con Gradu,Pieza,10,103.24,1032.4,2025
080.602.0533,Matraces de Vidrio Refractario Con Gradu,Pieza,13,140.36,1824.68,2025
080.602.0541,Matraces de Vidrio Refractario Con Gradu,Pieza,9,208.8,1879.2,2025
080.681.1105,Papeles Parafinado Para Tapar Tubos a Pr,Pieza,12,783.0,9396.0,2025
080.709.0022,Pipetas. de Vidrio Blando Con Una Punta,Caja,440,622.3284,273824.5,2025
080.729.0010,Porta Objetosde Vidrio Rectangulares De,Caja,9107,38.5236,350834.43,2025
080.733.0238,Probetas. de Polipropileno Graduadas: Ca,Pieza,5,490.3636,2451.82,2025
080.733.0246,Probetas. de Polipropileno Graduadas: Ca,Pieza,7,514.3771,3600.64,2025
080.735.0202,Puntas de Plastico. Desechables Para Pip,Bolsa,18,190.7117,3432.81,2025
080.735.1416,Punta Sin Filtro Para Pipeta de 10 a 100,Bolsa,12,190.24,2282.88,2025
080.783.1599,Reactivos y Juegos de Reactivos Para Pru,Frasco,16,597.4,9558.4,2025
080.783.2258,Reactivos y Juegos de Reactivos Para Pru,Frasco,13,191.504,2489.55,2025
080.829.0654,Reactivos Quimicos Ea 50. Colorante Prep,Frasco,2,870.0,1740.0,2025
080.829.0704,Reactivos Quimicos Formaldehido (Formol),Frasco,211,1036.67,218737.37,2025
080.829.0951,Reactivos Quimicos Og-6. Colorante Prepa,Frasco,8,550.42,4403.36,2025
080.829.1108,Reactivos Quimicos Sudan Iii (Sudan Rojo,Frasco,10,1514.1828,15141.83,2025
080.829.1447,Solucion de Sulfato de Zinc (Faust). Den,Frasco,18,474.5119,8541.21,2025
080.829.4342,Reactivos Quimicos Alcohol Etilico Con 9,Envase,174,1016.3641,176847.35,2025
080.830.0644,Reactivos Quimicos Cloruro de Oro (Acido,Frasco,2,4930.0,9860.0,2025
080.830.0966,Reactivos Quimicoseosina Amarilla Y. Qp.,Frasco,19,847.4619,16101.78,2025
080.830.1105,Reactivos Quimicos. Ferricianuro de Pota,Frasco,3,2378.0,7134.0,2025
080.830.1378,Reactivos Quimicos Glicerina (Minimo 95%,Frasco,15,201.55,3023.25,2025
080.830.1766,Reactivos Quimicos. Nitrato de Plata. Ra,Frasco,1,29580.0,29580.0,2025
080.830.2400,Reactivos Quimicos Parafina (Con Punto D,Envase,620,248.9492,154348.5,2025
080.830.2582,Sustancias Biologicas Medio Para Inclusi,Frasco,20,1102.0,22040.0,2025
080.830.3234,Reactivos Quimicos Acetona. Acs. Frasco,Frasco,23,250.5154,5761.85,2025
080.830.3283,Reactivos Quimicos Acido Acetico Glacial,Frasco,35,373.1268,13059.44,2025
080.830.3473,Reactivos Quimicos Acido Clorhidrico Fum,Frasco,63,217.5,13702.5,2025
080.830.4042,Reactivos Quimicos. Acido Nitrico. Ra. A,Frasco,64,485.4177,31066.73,2025
080.830.4646,Reactivos Quimicos. Alcohol Etilico Abso,Frasco,396,65.25,25839.0,2025
080.830.5270,Reactivos Quimicos Xilol. Ra. Acs. Frasc,Frasco,564,141.9553,80062.79,2025
080.830.6245,Reactivos Quimicos Resina Sintetica Disu,Frasco,3,711.08,2133.24,2025
080.830.9132,Reactivos Quimicos. Carbonato de Litio.,Frasco,2,1066.8404,2133.68,2025
080.835.0441,Sustancias Biologicas Suero Fetal de Ter,Frasco,1,2574.04,2574.04,2025
080.879.0119,Termometros de Mercurio.,Pieza,5,179.8,899.0,2025
080.889.0099,Tiras Reactivas Tiras Reactivas Para Det,Frasco,1300,1.3688,1779.44,2025
080.889.2533,Tiras Reactivas Tira Reactiva. Para Dete,Pieza,266750,2.4307,648389.23,2025
080.909.0343,Tubos Para Cultivo de Vidrio Con Tapon D,Pieza,7200,10.3663,74637.36,2025
080.909.0541,Tubos. de Ensaye; Vidrio Refractario Sin,Pieza,62600,1.6588,103840.88,2025
080.909.5573,Tubos Para la Toma y Recoleccion de Sang,Caja,280,1713.6773,479829.64,2025
080.909.5599,Tubos Para la Toma y Recoleccion de Sang,Caja,80,1200.1929,96015.43,2025
080.909.6498,Tubo Sistema Para Toma y Recoleccion Des,Caja,168,329.44,55345.92,2025
080.909.6506,Tubo Sistema Para Toma y Recoleccion De,Caja,330,327.12,107949.6,2025
080.909.6522,Tubo Sistema Para Toma y Recoleccion De,Caja,80,472.12,37769.6,2025
080.951.0456,Vasos de Coplin. Con Tapa de Cuerda. Dim,Pieza,3,168.2,504.6,2025
12171703,Tinta Color Negro Para Sello de Goma 60,Pieza,10,15.5396,155.4,2025
12171703.01,Tinta Color Azul Para Sello de Goma 60 M,Pieza,52,15.5324,807.68,2025
12171703.02,Tinta Color Roja Para Sello de Goma 60 M,Pieza,20,15.6013,312.03,2025
12171703.03,Tinta Para Foliador Color Negra 12 Ml,Pieza,22,25.6086,563.39,2025
12171703.07,Tinta Para Foliador Color Roja de 12 Ml,Pieza,113,34.7567,3927.51,2025
130.258.0616,Collarines Tipo: Filadelfia Chico,Pieza,14,377.0,5278.0,2025
14111514,Cuaderno Forma Francesa Rayado de 96 Has,Pieza,76,12.1684,924.8,2025
14111514.01,Cuadernos Forma Italina Con 100 Hojas,Pieza,75,14.066,1054.95,2025
14111519,Cartulina Opalina Tamaño Carta 180 Gr. C,Hoja,6600,0.7656,5052.96,2025
14111523,"Papel Carbon Tamaño Carta, Con 100 Hojas",Paquete,126,65.7053,8278.87,2025
14111530,"Papel Tiras Engomadas, Banderitas Tipo",Pieza,117,11.619,1359.42,2025
14111530.01,"Block Nota Autoadheribles de 3"" X 3""",Pieza,40,23.6616,946.46,2025
21010074C2,"Cinta Autoadherible Doble Cara de 2""",Pieza,22,179.336,3945.39,2025
21010077,Cinta Canela de 48Mm. X 50 Mts.,Pieza,232,12.8528,2981.85,2025
21010081,Cinta P/Maq. de Escribir Mec. Negra,Pieza,206,68.324,14074.74,2025
21010088,Clips Mariposa Numero 2,Caja,5,47.56,237.8,2025
21010091,Clip Standard No 3 Caja C/100,Caja,7,7.5683,52.98,2025
210101033B,Mica Autoadherible 50X65 Cm.,Pliego,198,11.02,2181.96,2025
21010120A,Etiqueta Adhesiva No.2 (16 X 22Mm),Paquete,96,41.4236,3976.67,2025
21010120C11,Etiqueta Color Blanca No. 25,Pieza,93,32.97,3066.21,2025
21010120C7,Etiqueta Fluorescente No. 25 Color Rosa,Pieza,13,25.1256,326.63,2025
21010120C9,Etiqueta Fluorescente Color Verde No. 25,Pieza,36,13.92,501.12,2025
21010133C,Grapas Para Engrapadora Industrial Med.,Caja,49,51.9796,2547.0,2025
210101455A2,Cartulina Opalina Holandesa de 225 Gms.,Paquete,37,128.0,4736.0,2025
21010146,Libreta 2 Manos Tipo Florete Italiana,Pieza,139,239.5052,33291.22,2025
21010154,Libreta Forma Francesa Pasta Dura,Pieza,4,51.98,207.92,2025
21010158,Libreta Florete Cuatro Manos F/Francesa,Pieza,32,255.6468,8180.7,2025
21010159,Libro Florete Forma Francesa de 96Hojas,Pieza,25,134.5136,3362.84,2025
21010160,Libro Florete Forma Italiana 192 Hojas,Pieza,71,322.6722,22909.73,2025
21010196B,Hojas de Papel de Colores Paquete Con,Paquete,20,236.0368,4720.74,2025
21010265A,Sobre de Manila Blanco P/Cd,Pieza,505,1.798,907.99,2025
21010267,Sobre P/Rayos X 14 X 17 (35.5 X 43.0 Cm),Pieza,995,4.3152,4293.62,2025
21010304,"Cinta Metrica, Flexible y Graduada",Pieza,67,6.47,433.49,2025
21010323,Guia Alfabetica T/Oficio Md. L-3200,Juego,20,430.94,8618.8,2025
21010328,Micas Tamaño Oficio,Pieza,1590,16.124,25637.16,2025
21010333,Tarjetas de Trabajo (9 X 5),Paquete,1,44.08,44.08,2025
210600012,Toner Para Impresora Hp Laser Jet 1102W,Pieza,1,1477.84,1477.84,2025
210600012A,Tinta Para Impresora Epson T6641 Negro,Pieza,1,190.24,190.24,2025
210600012A1,Tinta Para Impresora Epson T6642 Cyan,Pieza,1,190.24,190.24,2025
210600012A2,Tinta Para Impresora Epson T6643 Magenta,Pieza,1,190.24,190.24,2025
210600012A3,Tinta Para Impresora Epson T6644 Amarill,Pieza,1,190.24,190.24,2025
210600012A8,Toner Samsung M2835 Mlt-D116Lm2825,Pieza,1,1411.72,1411.72,2025
210600013A1,Toner Laser Jet Hp Pro M 506 Toner 87A,Pieza,1,4133.08,4133.08,2025
210600014C,Cartucho P/Impresora Canon Pg-210 Negro,Pieza,1,699.132,699.13,2025
210600014D,Cartucho P/Impresora Canon Color Cl-211,Pieza,1,699.132,699.13,2025
21060002B,Cartucho Toner Hp Ce505A 05A,Pieza,3,1875.72,5627.16,2025
210600030,Cartucho de Tinta P/Impresora Hp 662 Xl,Pieza,2,415.28,830.56,2025
210600030A,Cartucho de Tinta P/Impresora Hp 662 Xl,Pieza,2,513.88,1027.76,2025
210600030A5,Cartucho de Tinta Hp 664 Xl Color Negro,Pieza,2,400.2,800.4,2025
210600030A6,Cartucho de Tinta Hp 664 Xl Tricolor,Pieza,3,396.72,1190.16,2025
21060009A,Cartucho P/Impresora Hp 122Xl Color Negr,Pieza,2,759.8,1519.6,2025
21060009B,Cartucho P/Impresora Hp 3050 Tricolor No,Pieza,2,740.08,1480.16,2025
21060010,Toner P/Impresora Hp Laser Jet P3015 Dn,Pieza,3,2945.24,8835.72,2025
210600133F,Toner P/Impresora Samsung Mlt-D101S,Pieza,1,1393.16,1393.16,2025
210600208A,Toner P/Impresora Brother Tn330,Pieza,1,1286.44,1286.44,2025
211010155A,Perforadora de 2 Orificios de Uso Rudo,Pieza,15,961.5,14422.5,2025
211010155B,"Perforadora Metalica Tres Orificios, Aj",Pieza,1,1067.2,1067.2,2025
211010209B,"Tabla de Registro, Acrilico Tamaño Carta",Pieza,41,469.8,19261.8,2025
214010019.01A,"Kit de Recarga de Toner Hp 154X Negro,Pa",Pieza,1,373.52,373.52,2025
214010019.04,Cartucho de Toner Hp Laser Jet Pro 145X,Pieza,2,2288.68,4577.36,2025
214010019.11,Toner Xerox 6R04395 Alto Rendimiento Neg,Pieza,6,2438.32,14629.92,2025
214010019.11A,Toner Xerox 6R04396 Alto Rendimiento Cya,Pieza,3,4388.28,13164.84,2025
214010019.11B,Toner Xerox 6R04397 Alto Rendimiento Mag,Pieza,3,4388.28,13164.84,2025
214010019.11C,Toner Xerox 6R04398 Alto Rendimiento Ama,Pieza,3,4388.28,13164.84,2025
214010032,Mica Para Credencial Medidas 10 X 14 Cm,Pieza,15,3.26,48.9,2025
21401007,Toner Samsung Mlt-D104S,Pieza,1,1350.24,1350.24,2025
21401016C,Toner Xerox Workcetre 3615,Pieza,1,3819.88,3819.88,2025
21401021,Botella de Tinta Para Impresora Hp,Pieza,3,154.28,462.84,2025
21401022,Botella de Tinta Para Impresora Hp,Pieza,2,154.28,308.56,2025
21401023,Botella de Tinta Para Impresora Hp,Pieza,2,154.28,308.56,2025
21401024,Botella de Tinta Para Impresora Hp,Pieza,2,154.28,308.56,2025
21401027,"Cartucho Hp Page Wide 974X Color Negro,",Pieza,1,2946.4,2946.4,2025
21401027A,Cartucho Hp Page Wide 974X Alta Capacida,Pieza,1,2684.24,2684.24,2025
21401027B,"Cartucho Hp Page Wide 974X, Alta Capacid",Pieza,1,2684.24,2684.24,2025
21401027C,"Cartucho Hp Page Wide 974X, Alta Capacid",Pieza,1,2684.24,2684.24,2025
21401036,Toner Samsung Mlt-D203U (Alto Rendimient,Pieza,1,2074.08,2074.08,2025
21401037,Cartucho Para Impresora 105A (W1105A),Pieza,4,1342.7,5370.8,2025
21401040L,"Toner P/Impresora Modelo Samsung M2070W,",Pieza,12,1049.8,12597.6,2025
21401052,Botella de Tinta Para Impresora Epson Co,Pieza,2,258.68,517.36,2025
21401052A,Botella de Tinta Para Impresora Epson Co,Pieza,1,201.84,201.84,2025
21401052B,Botella de Tinta Para Impresora Epson Co,Pieza,1,201.84,201.84,2025
21401052C,Botella de Tinta Para Impresora Epson Co,Pieza,1,201.84,201.84,2025
21401054,Botella de Tinta Para Impresora Epson,Pieza,2,189.08,378.16,2025
21401054A,Botella de Tinta Para Impresora Epson,Pieza,1,189.08,189.08,2025
21401054B,Botella de Tinta Para Impresora Epson,Pieza,1,189.08,189.08,2025
21401054C,Botella de Tinta Para Impresora Epson,Pieza,1,189.08,189.08,2025
21401100,Toner 26A Cf226 Laser Jet Pro M402N,Pieza,1,2209.8,2209.8,2025
221040389,Vinagre Blanco de 3.5 a 4 Litros,Botella,50,59.16,2958.0,2025
230103038B,"Circuito Respiratorio, Adulto Para Siste",Pieza,60,2827.616,169656.96,2025
230103418,Tubo Corrugado Para Nebulizador,Rollo,295,37.12,10950.4,2025
250208104,Reactivo Para Clorimetro de Hannaintrume,Caja,5,638.0,3190.0,2025
250208257A,Fosfato de Sodio Monobasico Monohidratad,Envase,4,1852.52,7410.08,2025
250208299E,Dextrosa Solucion de 75 Grs.,Frasco,80,70.76,5660.8,2025
250208400D1,Ck20 Citokeratina 20,Frasco,2,36857.6892,73715.38,2025
250208400S,Ki67 1 Ml.,Frasco,3,17526.4516,52579.35,2025
250208401D,Anticuerpo Monoclonal Anti Mum 1,Frasco,1,31603.7708,31603.77,2025
250208401G,Recuperador Ph9,Frasco,10,3201.0364,32010.36,2025
250208600E,Paquete de Prueba-Desafio de Proceso.,Caja,121,29241.454,3538215.93,2025
250208700A,Mouse / Rabbit Poly Vue Hrp/Dab Deteccio,Kit,8,37976.9507,303815.61,2025
250208802,Diluyente de Anticuerpos,Frasco,10,3210.5681,32105.68,2025
250208803H,Cd30,Frasco,2,13034.5488,26069.1,2025
250208814,"Marcador Tumoral Para Celulas T,Cd10 1Ml",Frasco,1,42512.6776,42512.68,2025
250208826,Receptor de Estrogenos (Er) 1Ml.,Frasco,2,29598.4556,59196.91,2025
250208827,Solucion Amortiguafora de Lavado Concent,Frasco,50,2042.5969,102129.85,2025
250208837,Receptor de Progesterona (Pr) 1Ml.,Frasco,2,55747.7672,111495.53,2025
250208853,Marcador de Celulas Endotellantes Cd34 C,Frasco,2,26430.0548,52860.11,2025
250208853-10,Pax-5,Frasco,2,28435.37,56870.74,2025
250208853-25,P16,Frasco,1,44517.9928,44517.99,2025
250208875,Citpqueratina 7 Frasco 1 Ml.,Frasco,1,17887.4088,17887.41,2025
2502640,Dosis de 99Mm Tc-Tetrofosmin de 20.,Dosis,34,2523.29,85791.86,2025
2502641,Dosis de 99M Tc-Mdp de 20 Mci,Unidosis,88,2293.9,201863.2,2025
2502643,Dosis de Ti-201 de 3 Mci,Unidosis,7,5592.6152,39148.31,2025
2502644,Dosis de Mag-3 de 5 Mci,Unidosis,27,2525.146,68178.94,2025
2502648,Dosis de 99M Tc-Dtpa de 3 Mci,Unidosis,5,2293.9,11469.5,2025
2502654,Dosis de 99 M Tc de 10 Mci.,Unidosis,2,2293.9,4587.8,2025
2502657,Dosis de 1-131 de 15 Mci.,Unidosis,8,3602.728,28821.82,2025
2502658,Dosis de 1-131De 29.9 Mci.,Unidosis,2,5639.1776,11278.36,2025
2502910-60,Anticuerpo Anti-Beta Catenina No Fosfori,Vial,1,29357.8136,29357.81,2025
2504D137,Dieta Enteral Para Er en Dialisis. Nutri,Lata,558,56.94,31772.52,2025
2504D138,Dieta Enteral Esp./Enf. Hepatopata. Nutr,Sobre,116,306.81,35589.96,2025
2504D139,Dieta Enteral Rest. Cho. Nutrición Esp S,Lata,1258,31.98,40230.84,2025
2504E109,Etamsilato de 250 Mg. Caja Con 4 Ampolle,Ampolleta,1220,77.0625,94016.25,2025
2504G038,Glutamina Con Lactobacillus Reuteri. Env,Sobre,830,73.92,61353.6,2025
2504K005,Ketorolaco Trometamina Tabletas de 10 Mg,Tableta,566,0.945,534.87,2025
25050014,"Dispositivo Cierre Vascular""Angioseal""",Pieza,23,5155.3628,118573.34,2025
2505002,Detergente Anionico Para Endoscopios En,Galon,35,9592.3767,335733.18,2025
2505003,Tiras Reactivas Para Determinar Efectivi,Tira,500,125.28,62640.0,2025
2505004,Toallas Humedas Con Detergente Anionico,Toalla,400,13.92,5568.0,2025
2505005,Alcohol Etilico Al 70%,Galon,22,733.7,16141.4,2025
2505006,Cepillo de Limpieza Para Conducto de Tra,Pieza,168,162.4,27283.2,2025
2505012,Asas de Polipectomia Para Colon Longitu,Pieza,10,475.6,4756.0,2025
25050120,Cateter Central de Insercción Periferica,Pieza,262,3417.162,895296.44,2025
25050128,Sistema Cerrado de Bajo Vacio Para Drena,Pieza,1277,603.2,770286.4,2025
2505013,Asas de Polipectomia Para Colon Longitud,Pieza,6,475.6,2853.6,2025
2505014,Asas de ´Polipectomia Para Colon Longitu,Pieza,8,475.6,3804.8,2025
2505015,Aguja O Inyector Para Escleroterapia Lo,Pieza,218,803.6737,175200.87,2025
2505016,Alcohol Desinfectante Esteril Elaborado,Pieza,72,1608.7415,115829.39,2025
2505017,Alcohol Isopropilico 70%,Litro,488,170.52,83213.76,2025
2505021,Alcohol Etilico Al 70%,Pieza,235,56.492,13275.62,2025
25050549,Cianocrilato ( N-Butil-Cianocrilato ),Pieza,10,801.096,8010.96,2025
25050666,Jeringa de Plastico Sin Aguja Con Pivote,Pieza,20865,9.976,208149.24,2025
25050993,Antifaz Para Proteccion de Fototerapia,Pieza,19,43.3956,824.52,2025
25050993.2,Antifaz Para Proteccion de Fototerapia L,Pieza,9,43.3956,390.56,2025
25050993.3,Antifaz Para Proteccion de Fototerapia L,Pieza,240,40.6,9744.0,2025
25051019,Set Para Alimentacion Enteral.Bolsa Con,Pieza,1758,197.2,346677.6,2025
25051037,Sonda Endolaser Eyelite.,Pieza,169,6460.9775,1091905.2,2025
25051042,Aposito Silver Dressing Para Terapia De,Pieza,32,3025.512,96816.38,2025
25051044,Tapete Adhesivo Antimicrobiano Sin Marco,Caja,25,2505.6232,62640.58,2025
25051045,Aposito Silver Dressing Para Terapia De,Pieza,60,3300.5596,198033.58,2025
25051046,Aposito Silver Dressing Para Terapia De,Pieza,10,4170.2,41702.0,2025
25051050,Equipo Fotoprotector (Nitro) Con Clave P,Pieza,503,193.72,97441.16,2025
25051054,Bandas Adhesivas Protectoras de Forma Re,Pieza,11530,0.2452,2827.16,2025
25051055,Cateter Vnus Closure Fast,Pieza,105,39382.0,4135110.0,2025
25051056,Instroductor 7 Fr. Angio Line,Pieza,165,1163.2794,191941.1,2025
25051073,Sonda Para Gastrostomia Tipo Pezzer Cali,Pieza,10,928.0,9280.0,2025
25051083,Set de Facoemulsificacion P/Equipo Infin,Paquete,120,14074.1834,1688902.01,2025
25051084,"Solucion Antimicrobiana ""Espuma"" Con Cl",Frasco,2231,273.4236,610008.05,2025
25051087,Espatula de Ayre (Esteril) Envase C/500,Bolsa,5,649.6,3248.0,2025
25051096,Equipo de Transfusion Mediante Bomba De,Equipo,243,129.0586,31361.24,2025
25051104,Equipo de Volumen Medido C/Bureta Flexib,Equipo,833,193.72,161368.76,2025
25051108,Toallitas Impregnadas de Alcohol Isoprop,Toallita,415647,0.4125,171454.39,2025
2505115,Cateter Picc 4 Fr Doble Lumen Equipo Ind,Pieza,4,3245.0536,12980.21,2025
25051165,"Aceite de Silicon Jeringa 5000 Cs, 10 Ml",Pieza,31,4535.315,140594.77,2025
2505117,Cateter de Termodilucion Tipo Swan-Ganz,Pieza,9,2105.4,18948.6,2025
25051176,Estilete O Guia Para Tubo Endotraqueal D,Pieza,158,7.6397,1207.07,2025
25051179,Estilete O Guia Para Tubo Endotraqueal,Pieza,18,6.3718,114.69,2025
25051208.1,Mascarilla Facial Con Almohadilla Inflab,Pieza,22,52.2,1148.4,2025
25051208.2,Mascarilla Facial Con Almohadilla Inflab,Pieza,9,52.2,469.8,2025
25051208.3,Mascarilla Facial Con Almohadilla Inflab,Pieza,4,52.2,208.8,2025
250512114,Placas de Adaptacion de 0.9Mm de Espesor,Pieza,38,2436.0,92568.0,2025
250512118,Tornillos Para Hueso Cortical Autorosca,Pieza,241,425.3952,102520.24,2025
25051212,"Tuberia Para Oxigeno Lumen Estandar, Ext",Pieza,1150,14.3956,16554.94,2025
250512120,Tornillos Para Hueso Cortical Autoroscab,Pieza,176,425.3952,74869.56,2025
250512138,Pasta Para Pulir Acrilico Polyshine,Pieza,1,343.36,343.36,2025
250512150,Tornillos Para Hueso Cortical Autoroscab,Pieza,184,425.3952,78272.72,2025
250512151,Tornillos Para Hueso Cortical Autoroscab,Pieza,288,425.3952,122513.82,2025
25051220,Sensor Flotrac Para Medir Gastro Cardiac,Pieza,30,8131.6,243948.0,2025
25051229,Malla Compuesta Para Plastia de Pared Ab,Pieza,4,23617.6,94470.4,2025
25051242,Protector Cutaneo No Irritante Libre De,Frasco,24,29.522,708.53,2025
25051273,Anticeptico Solucion Con Gluconato de Cl,Pieza,943,13.8272,13039.05,2025
25051293,Electrodos de Espuma Ecg Radiolucent (Re,Sobre,1494,6.0088,8977.15,2025
25051301,Puntas Para Facoemulsificacion Para Equi,Pieza,696,1062.784,739697.66,2025
25051329,Malla Plana de Baja Densidad Esteril De,Pieza,14,731.496,10240.94,2025
25051336,"Aguja Para Biopsia de Medula Osea, Punta",Pieza,178,833.344,148335.23,2025
25051339,"Aguja Para Biopsia de Medula Osea, Aspir",Pieza,160,472.932,75669.12,2025
2505134,Cateteres Para Cateterizacion de Arteria,Pieza,10,580.0,5800.0,2025
25051340,"Aguja Para Biopsia de Medula Osea, Aspir",Pieza,75,523.0324,39227.43,2025
25051345,Mascarilla Facial Con Almohadilla Inflab,Pieza,4,52.2,208.8,2025
2505135,Cateteres Para Cateterizacion de Arteria,Pieza,12,421.08,5052.96,2025
25051372,Cateter Puerto Pro Por Bajo Perfil 5.8,Pieza,10,11494.44,114944.4,2025
25051403,Kit de Inicio Recortadora de Vello Elect,Pieza,1,3031.08,3031.08,2025
25051413,Cassete Para Equipo Centurion,Pieza,65,10146.4308,659518.0,2025
25051414,Sensor Para la Monitorizacion de la Func,Pieza,200,1320.08,264016.0,2025
25051454,Jeringa Para Perfusor Opaca Con Capacida,Pieza,538,112.7314,60649.49,2025
25051455,Extensiones Para Pvc de 121.92 Cm. (Mach,Pieza,160,89.668,14346.88,2025
25051475,Cabeza Vitrectomia Anterior Para,Pieza,3,28014.0,84042.0,2025
25051476,Autoadhesivo Hipoalergenico Microporoso,Caja,66,278.8176,18401.96,2025
25051499,Sujetador de Dispositivo Endotraqual Con,Pieza,147,516.2,75881.4,2025
25051500,Canula Yankawer Desechable Sin Control.,Pieza,243,17.5995,4276.68,2025
25051521,Solucion Electrolizada de Cloruro de Sod,Pieza,144,124.9436,17991.88,2025
25051580,Capuchones Morados Para Facomulsificacio,Pieza,608,770.5588,468499.75,2025
25051590,Toallas Desinfectantes P/Superficies Ba,Frasco,904,308.56,278938.24,2025
25051648,Resucitador Neonatal (Ambu) C/Mascarilla,Pieza,2,306.24,612.48,2025
25051653,Canula de Traqueostomia No. 6 Con Globo,Pieza,3,2366.0636,7098.19,2025
25051657,Canula de Traqueostomia No.8 Adulto Fene,Pieza,12,1468.502,17622.02,2025
25051671,Mascarilla Laringea del # 1.0 Para Pacie,Pieza,10,152.7256,1527.26,2025
25051672,Mascarilla Laringea del # 1.5 Para Pacie,Pieza,8,152.7256,1221.8,2025
25051677,Set Desechable de Gas Sf6,Pieza,2,6616.5295,13233.06,2025
25051682,Set Desechable de Jeringas P/Inyector De,Pieza,80,4083.3852,326670.82,2025
25051729,Placas Para Unidad Electroquirurgica,Pieza,2800,123.2085,344983.8,2025
25051737,"Pinzas Bipolares de Bayoneta Cushing, Lo",Pieza,53,10483.3952,555619.95,2025
25051758,Hidrogel Unguento de Colagenasa Para Ace,Tubo,455,390.0389,177467.7,2025
25051766,Aposito de Espuma Diseñado Para la Curac,Pieza,108,454.14,49047.12,2025
25051789,Cassete P/Vitrectomia Posterior Calibre,Pieza,6,14036.0,84216.0,2025
25051794,Lapiz Para Electrocirugia Esteril Desech,Pieza,6625,234.3771,1552748.29,2025
25051824,Mascarilla Laringea del No. 2.5 Para Pac,Pieza,16,152.7256,2443.61,2025
25051826,Mascarilla Laringea Desechable Del,Pieza,10,152.7256,1527.26,2025
25051827,Mascarilla Laringea Desechable No. 4 Par,Pieza,20,152.7256,3054.51,2025
25051842,Sutura Sintetica Obsorbible Polimero De,Pieza,131,117.3533,15373.28,2025
25051860,Material Viscoelastico Jeringa 1.0 Ml.,Pieza,103,2934.8,302284.4,2025
25051888,Extension Hembra Macho de 60 Cm. De,Pieza,100,87.928,8792.8,2025
25051897,Linea Opaca Para Perfusor de 150 Cm.,Pieza,120,108.5457,13025.48,2025
2505190,Sonda Nelaton Desechable Transparente De,Pieza,270,2.5172,679.64,2025
25051915,Aguja Espinal Punta Quinke 20G X 88 Mm.,Pieza,4038,72.384,292286.59,2025
25051922,"Canister P/Terapia Vac, Recolector de Fl",Pieza,236,4940.979,1166071.04,2025
25051924,Esponja de Alcohol Polivinilico P/Terapi,Pieza,46,1383.0796,63621.66,2025
25051928,Kit de Traqueostomia Percutanea Con,Set,10,7540.0696,75400.7,2025
25051942,Mortaja Desechable Tamaño Grande. Paquet,Paquete,1602,173.1295,277353.46,2025
25051944,Dispositivo Para Manejo de Via Enteral,Pieza,252,62.6632,15791.13,2025
25051983,Balon de Extractor de Litos Para Via,Pieza,7,3096.31,21674.17,2025
25052025,Polvo Con Hidrocolide y Carboxymetil Cel,Pieza,48,296.96,14254.08,2025
25052028,Cateter Pasport Elite 5.8 Fr Poliuretano,Pieza,10,11414.052,114140.52,2025
25052032,Cateter Puerto Pro Prt Perfil Intermedio,Pieza,118,13730.166,1620159.59,2025
25052038,Filtro de Vena Cava Con Acceso Yugular O,Pieza,2,26100.0,52200.0,2025
2505260,Equipo Primario P/Bomba de Infusion Con,Equipo,1397,191.4,267385.8,2025
2505396,Guante de Latex Esteril Ortopedico No. 7,Par,2965,15.8572,47016.6,2025
2505397,Guante de Latex Trflex Esteril Ortopedic,Par,1909,15.1612,28942.73,2025
2505398,Guantes de Latex Esteril Ortopedico,Par,224,16.7852,3759.88,2025
2505405,Uniforme Quirurgico Esteril,Pieza,360,100.5333,36191.99,2025
25055054,"Producto Quimico Desinfectante,Solucion",Envase,50,6171.2,308560.0,2025
25055780,Conector Libre de Agujas de Presion Neut,Pieza,10114,26.912,272187.97,2025
25055960,Sensor Desechable Adulto Para Saturacion,Pieza,1050,3541.7108,3718796.34,2025
2505629,Marcadores de Genciana,Pieza,6,22.62,135.72,2025
2505636,Reanimador Autoinflable Pediatrico (Ambu,Pieza,289,306.24,88503.36,2025
2505709,Sonda de Aspiración de Secreciones Con V,Pieza,1980,5.568,11024.64,2025
2505735,Extension de 150 Cm. Transparente Para P,Pieza,3522,82.4539,290402.64,2025
2505737,Conector Libre de Agujas,Pieza,41929,21.924,919251.4,2025
2505738,Conector Libre de Uso de Agujas de 2 Via,Pieza,10716,113.332,1214465.71,2025
2505743,Sistema Cerrado de Aspiracion Traqueal,Pieza,34,15.7731,536.29,2025
2505746,Jeringa Para Perfusor de Plasticotranspa,Pieza,1192,115.4976,137673.14,2025
2505747,Jeringa Para Perfusor de Plastico Con,Pieza,866,58.0,50228.0,2025
2505770,Sistema Cerrado de Aspiracion Para Pacie,Pieza,12,165.3,1983.6,2025
2505779,Solucion Salina Balanceada Bss de 500 Ml,Bolsa,442,453.7647,200564.0,2025
2505780,Conector Libre de Agujas de 3 Vias de Pr,Pieza,1934,151.2292,292477.27,2025
2505785,Carbacol Intraocular Solucion Al 0.01%,Pieza,23,931.48,21424.04,2025
25058057,Canula Traqueala Extralarga Con Placa Y,Pieza,1,1885.0232,1885.02,2025
25058058,Canula Traquela Extralarga Diametro 8.0,Pieza,2,1885.0348,3770.07,2025
2505835,Kits de Cateter Permanente de Hemodialis,Pieza,10,3770.0,37700.0,2025
2505848,Azul de Tripano Para Uso Intraocular C/2,Caja,11,1760.2561,19362.82,2025
2505852,Valvula Ahmed Modelo S-2 Para Adulto,Caja,10,13798.2,137982.0,2025
2505890,Pasta Sintética Hidrocolide de Gelatina,Pieza,131,320.16,41940.96,2025
2505958,Sensor Para Oximetria P/Monitorizacion,Pieza,260,604.36,157133.6,2025
2505959,Sensor Para Oximetria P/Monitorizacion,Pieza,1520,559.7,850744.0,2025
250596,Equipo Para Bomba de Infusion de Un Solo,Pieza,1469,127.6,187444.4,2025
2505961,Sensor Desechable Neonatal Para Saturaci,Pieza,160,6722.2,1075552.0,2025
2505962,Sensor Desechable Neonatal Para Saturaci,Pieza,210,5334.84,1120316.4,2025
2505967,Sonda Para Alimentacion Gastro-Duodenal,Pieza,110,458.2,50402.0,2025
2505977,Cateter Guia Cerebral P/Realizar el Diag,Pieza,2,28710.0,57420.0,2025
2505A027,Aguja Hipodermica Desechable y Esteril,Pieza,38600,1.2767,49280.62,2025
2505A031,Aposito Para Desbridamiento Mecanico Atr,Pieza,145,692.6847,100439.28,2025
2505A035,Aguja Para Infusion Intraosea #18,Pieza,15,523.0324,7845.49,2025
2505A036,Aguja Intraosea No. 16,Pieza,20,2155.454,43109.08,2025
2505A037,Aguja Para Infusion Intraosea #14,Pieza,5,2155.454,10777.27,2025
2505A044,Asas de Polipectomia Para Enteroscopia,Pieza,1,475.6,475.6,2025
2505A048,Aguja Con Recubierta Teflonada Carr-Lock,Pieza,14,2088.0,29232.0,2025
2505A052,Aposito Hidrogel Transparente y Amorfo F,Pieza,650,286.9037,186487.41,2025
2505A053,Accesorios de Navaja Desechable Para Cor,Pieza,193,66.7,12873.1,2025
2505A054,Aposito Barrera Antimicrobiana Compuesta,Pieza,156,820.0051,127920.8,2025
2505A056,Arpones Para Marcaje de Glamdula Mamaria,Pieza,397,1423.784,565242.25,2025
2505A101,Aposito Veraflo Chico Para Instalacion D,Pieza,39,3356.2128,130892.3,2025
2505A120,Aguja Trucut Para Biopsia Hepatica 18G X,Pieza,330,814.32,268725.6,2025
2505A126,Aguja Hipodermica 18Gx38 Mmc/100 (Rosada,Pieza,25100,1.136,28513.6,2025
2505A132,Aguja Para Cateterismo Traseptal Curva T,Pieza,5,8480.18,42400.9,2025
2505A133,"Aposito Pva,Para Terapia de Presion Nega",Pieza,30,2262.7746,67883.24,2025
2505A198,Aguja Desechable Para Biopsia Por Trucut,Pieza,222,915.9841,203348.47,2025
2505A201,Antiseptico Para Asepsia Cutanea,Pieza,75,234.32,17574.0,2025
2505A205,Asa Para Polipectomía Jumbo Oval Longitu,Pieza,1,475.6,475.6,2025
2505A206,Asa Fria Para Polipectomia de Alambre,Pieza,181,748.8844,135548.08,2025
2505A207,"Aposito Adhesivo Para Acceso Vascular, C",Pieza,3000,229.0768,687230.4,2025
2505A208,Antisepticos. Solucion Con Gluconato De,Pieza,710,53.36,37885.6,2025
2505A782,Asa Para Polipectomia Modelo Sensation J,Pieza,6,475.6,2853.6,2025
2505B010,Bata Desechable No Esteril,Pieza,4460,14.0,62440.0,2025
2505B017,Bolsa de Polipropileno Desechable Flexib,Pieza,330,74.2632,24506.86,2025
2505B025,Bolsa Para Dialisis Peritonial Para Sist,Pieza,500,93.5,46750.0,2025
2505B027,Balon Extractor de Litos Para Via Biliar,Pieza,2,3120.4,6240.8,2025
2505B031,Bolsa Para Dialisis Peritonial Para Sist,Pieza,400,93.5,37400.0,2025
2505B050,Bolsa Para Dialis Peritonial Para Sistem,Pieza,200,203.9,40780.0,2025
2505B062,Bolsa Para Dialisis Peritonial Para Sist,Pieza,300,203.9,61170.0,2025
2505B073,Base Plataforma de Plastico Para Sistema,Pieza,42,2436.0,102312.0,2025
2505B081,Bata Desechable Esteril No Delgada Con C,Pieza,166,56.8516,9437.37,2025
2505B082,Banco de Llaves Desechable Con Entradas,Pieza,30,143.8864,4316.59,2025
2505B094,Bolsa Oclusiva Neonatal Neohelp de Polie,Pieza,20,1133.32,22666.4,2025
2505B095,Bolsa Oclusiva Neonatal Neohelp de Polie,Pieza,20,1133.32,22666.4,2025
2505B096,Balon Bakri Tampona de De Silicon Calibr,Pieza,14,6130.6,85828.4,2025
2505C014,Canister 500 Ml.,Pieza,241,3732.88,899624.08,2025
2505C015,Cassette Veralink,Pieza,35,3039.1605,106370.62,2025
2505C034,Canastilla Trapezoid Rx Cestas de Extrac,Pieza,36,7076.0,254736.0,2025
2505C0390,Cartucho Ha230 de Cilindro de Policarbo,Pieza,12,8932.0,107184.0,2025
2505C043,Canula Con Filtro Sterifix Canula Con Fi,Pieza,3000,45.7441,137232.3,2025
2505C047,Cateter de Swan Ganz Continuo Con Medici,Set,9,10335.6,93020.4,2025
2505C048,Cable Bipolar Para Equipo de Electrociru,Pieza,799,306.5837,244960.38,2025
2505C077,Crema Hidratante y Protectora de Larga D,Tubo,79,409.886,32380.99,2025
2505C101,Malla de Acetato Impregnada Con Ester De,Pieza,90,434.6516,39118.64,2025
2505C102,Cateter Cerebral H1 Con Orificio Unico D,Pieza,40,1658.8,66352.0,2025
2505C103,Cateter de Dilatacion de Angioplastia Co,Pieza,102,2780.52,283613.04,2025
2505C105,"Cateter de Hemodialisis de 12Fr y 20Cm,",Pieza,15,1624.0,24360.0,2025
2505C107,Recarga de Cartucho de Engrapadora Li,Pieza,2,928.0,1856.0,2025
2505C109,Cateter Diagnostico Tipo Tig 5Fr Para Ca,Pieza,99,440.8,43639.2,2025
2505C110,Cateter de Trombo Aspiracion Coronarias,Pieza,22,10324.0,227128.0,2025
2505C112,Cateter Guia Para Angioplastia Coronaria,Pieza,3,2146.0,6438.0,2025
2505C120,Cateteres Para Dilatacion de Valvulas,Pieza,3,13920.0,41760.0,2025
2505C123,Cateter de Acceso Con Multiples Lumenes,Pieza,22,1541.6052,33915.31,2025
2505C128,Cateter Para Imagenes de Ultrasonido Int,Pieza,12,18560.0,222720.0,2025
2505C129,Cateter de Imagen C/Diseño Para Calibrac,Pieza,18,32959.6353,593273.44,2025
2505C131,Cateteres Para Cateterizacion de Arteria,Pieza,33,421.08,13895.64,2025
2505C136,Cateter Guia Para Angioplastia Coronaria,Pieza,41,1214.52,49795.32,2025
2505C137,Cateter Guia Para Angioplastia Coronaria,Pieza,5,1215.68,6078.4,2025
2505C138,Cateter Guia Para Angioplastia Coronaria,Pieza,37,1214.52,44937.24,2025
2505C139,Cateter Guia Para Angioplastia Coronaria,Pieza,124,1214.52,150600.48,2025
2505C140,Cateter Para Dilatacion de Arteria Coron,Pieza,16,2401.2,38419.2,2025
2505C141,Cateter Para Dilatacion de Arteria Coron,Pieza,70,2401.2,168084.0,2025
2505C142,Cateter Para Dilatacion de Arteria Coron,Pieza,41,2401.2,98449.2,2025
2505C143,Cateter Para Dilatacion de Arteria Coron,Pieza,36,2401.2,86443.2,2025
2505C144,Cateter Para Dilatacion de Arteria Coron,Pieza,22,2276.6036,50085.28,2025
2505C145,Cateter Para Dilatacion de Arteria Coron,Pieza,96,2401.2,230515.2,2025
2505C146,Cateter Para Dilatacion de Arteria Coron,Pieza,28,2401.2,67233.6,2025
2505C147,Cateter Para Angioplastia Coronaria De,Pieza,33,2401.2,79239.6,2025
2505C148,Cateter Para Angioplastia Coronaria De,Pieza,19,2401.2,45622.8,2025
2505C149,Cateter Para Angioplastia Coronaria De,Pieza,30,2401.2,72036.0,2025
2505C150,Cateter Para Angioplastia Coronaria De,Pieza,10,2279.4829,22794.83,2025
2505C157,Cateter Para Dilatacion de Arteria Coron,Pieza,10,2270.12,22701.2,2025
2505C158,Cateter Para Dilatacion de Arteria Coron,Pieza,13,2270.12,29511.56,2025
2505C160,Cateter Para Cateterizacion de Arteria C,Pieza,167,421.08,70320.36,2025
2505C176,Cateter de Aterectomia Rotacional Perife,Pieza,58,49532.0,2872856.0,2025
2505C177,Cateter Para Ultrasonido Intravascular,Pieza,5,18560.0,92800.0,2025
2505C181,Compresas de Fieltro Ptfe. Grosor Nomina,Pieza,100,191.3919,19139.19,2025
2505C182,Cinta Ptfe Trenza 4.0 X 61.0 Mm (3/16 X,Pieza,24,1126.1512,27027.63,2025
2505C186,Cartucho Para Engrapadora Desechable Par,Pieza,12,5295.458,63545.5,2025
2505C187,Cartucho Para Engrapadora Desechable Par,Pieza,7,3042.042,21294.29,2025
2505C194,Canula de Traqueostomia Con Endocanula Y,Pieza,14,1118.9244,15664.94,2025
2505C195,Canula de Traqueostomia Con Endocanula Y,Pieza,14,1151.474,16120.64,2025
2505C196,Canula de Traqueostomia Con Endocanula N,Pieza,9,2253.416,20280.74,2025
2505C197,Canula de Traqueostomia Con Endocanula N,Pieza,9,2253.416,20280.74,2025
2505C202,Canula de Traqueostomia de Rama Larga Ti,Pieza,8,12468.84,99750.72,2025
2505C205,Catéteres Para Cateterización de Arteria,Pieza,3,527.9856,1583.96,2025
2505C208,Controlador de Multiples Pacientes (Hast,Pieza,83,981.5751,81470.73,2025
2505C212,"Cateter Para Diagnostico, Cal 7 Fr, Para",Pieza,3,39985.2,119955.6,2025
2505C215,Conector Decapolar Para Catéteres Dx De,Pieza,5,6525.0,32625.0,2025
2505C216,Conector Tetrapolar Para Catéteres Tetra,Pieza,7,6380.0,44660.0,2025
2505C218,Conector Para Catéter de Ablación Mod.,Pieza,3,8120.0,24360.0,2025
2505C225,Cateter Para Ablacion Por Radiofrecuenci,Pieza,1,13920.0,13920.0,2025
2505C226,Catéteres. Para Cateterización de Arteri,Pieza,8,421.08,3368.64,2025
2505C227,Cassette Para Maquina Cicladora,Pieza,99,100.0,9900.0,2025
2505C237,Canula de Pipelle Para Biopsias Endometr,Pieza,155,361.8852,56092.21,2025
2505CGAS001,Cateter Phmetria Con Impendancia,Pieza,45,3248.0,146160.0,2025
2505D007,Desinfectante Bactium Fitobacter,Pieza,11,10815.0114,118965.13,2025
2505D008,Desinfectante Bactium 464 Se,Pieza,11,5528.2816,60811.1,2025
2505D009,Desinfectante Bactium Biodegerm,Pieza,15,8172.2,122583.0,2025
2505D013,Detergente Aseptico (Bactium Neutro),Pieza,43,5306.4304,228176.51,2025
2505D022,Dispositivo de Trombectomía Periférica.,Pieza,8,56840.0,454720.0,2025
2505D075,Dispositivo Esteril de Extraccion O Inye,Pieza,1400,126.2312,176723.68,2025
2505D076,Desinfectante Esporicida y Fungicidad Es,Pieza,115,1241.316,142751.34,2025
2505E031,Electrodo de Broche Para Monitoreo Conte,Pieza,19791,1.3708,27129.5,2025
2505E032,Extension de Cateter Guia Con Recubrimie,Pieza,9,9384.3666,84459.3,2025
2505E037,Engrapadora Laparoscopica Flexible,Pieza,12,5452.0,65424.0,2025
2505E038,Engrapadora Lineal Desechable Vascular,Pieza,7,8531.3244,59719.27,2025
2505E039,"Equipo Desechable ""Multipaciente"" Para E",Pieza,67,1501.04,100569.68,2025
2505E043,Equipo de Venoclisis de Poliuretano,Pieza,1840,290.754,534987.36,2025
2505F012,Fresas de Baja Velocidad 701 L,Pieza,36,73.08,2630.88,2025
2505F013,Fresas de Baja Velocidad 702 L,Pieza,126,73.08,9208.08,2025
2505F014,Fresas de Baja Velocidad 703 L,Pieza,72,92.8,6681.6,2025
2505F031,Forceps Serrado Oftalmico (Forceps Nara,Pieza,29,6179.712,179211.65,2025
2505F037,Funda Para Camara de Laparoscopia Esteri,Pieza,44,105.212,4629.33,2025
2505F040,Funda Para Fluroscopio (Bolsa de Plastic,Pieza,129,69.6,8978.4,2025
2505F049,Funda Estéril de Un Solo Uso Para la Uni,Pieza,159,161.2225,25634.38,2025
2505F050,Funda de Un Solo Uso Para el Controlador,Pieza,104,249.6668,25965.35,2025
2505F051,Filtro de Hemodialis Menbrana,Pieza,177,462.3296,81832.34,2025
2505G002,Gel-Alginato de Calcio Tubo Con 85 Grs.,Pieza,33,612.3524,20207.63,2025
2505G004,Gel Antibacterial C/5 Litros,Envase,40,462.2484,18489.94,2025
2505G009,Guias Hidrofilicas Metro Para Procedimie,Pieza,8,2028.84,16230.72,2025
2505G011,Guante de Neopreno Esteril 6.5 Caja Con,Par,200,26.3646,5272.92,2025
2505G012,Guante de Neopreno Esteril del No 7,Par,650,27.6914,17999.41,2025
2505G013,Guante de Neopreno del No 8 Esteril,Par,2940,27.6313,81236.02,2025
2505G017,Gel a Base de Solucion Electrolizada De,Pieza,96,469.8348,45104.14,2025
2505G020,Guia Hidrofolica J de 150 Cm. de Longitu,Pieza,20,1164.0948,23281.9,2025
2505G021,"Guia Sental Guia 0.014"" de Cruce de Espe",Pieza,7,2401.2,16808.4,2025
2505G022,"Guia Sental Guia 0.014"" de Cruce de Espe",Pieza,7,2401.2,16808.4,2025
2505G024,"Guia Sental Guia 0.014"" de Cruce de Espe",Pieza,2,2401.2,4802.4,2025
2505G025,Guia de Presion Inalambrica Para Medicio,Pieza,19,17481.2,332142.8,2025
2505G158,Guia Para Angioplastia Coronaria Con Pun,Pieza,85,1473.2,125222.0,2025
2505H005,"Hemiprotesis de Cadera Tipo Lazcano, Inc",Kit,3,13051.45,39154.35,2025
2505I001,Iodosorb Unguento de Cadexomero de Yodad,Pieza,60,1400.12,84007.2,2025
2505I003,Introductor Radial Con Cubierta Hidrofil,Pieza,68,1916.32,130309.76,2025
2505I014,Infusor de Presion Positiva O Bomba de I,Pieza,130,819.5748,106544.72,2025
2505I019,Introductor Para Electrodo de Marcapasos,Pieza,6,2816.48,16898.88,2025
2505I023,Infusor de Presion Positiva O Bomba de I,Pieza,404,487.2,196828.8,2025
2505I024,Infusor de Presion Positiva O Bomba de I,Pieza,168,487.2,81849.6,2025
2505I155,Introductor Para Electrodo de Marcapaso,Pieza,3,812.0,2436.0,2025
2505J02,Jeringa de Plastico Desechable Sin Aguja,Pieza,17200,19.3821,333372.12,2025
2505J03,Gojo Ltx. Jabon en Espuma Multiuso.,Pieza,83,766.1454,63590.07,2025
2505J04,"Jeringa ""Multipaciente"" Con Capacidad De",Pieza,72,511.7456,36845.68,2025
2505KA01,Kit de Estabilizacion Aguja Ez-10 45 Mm,Pieza,9,2543.4972,22891.47,2025
2505KA02,Kit de Estabilizacion Aguja Ez-10 25 Mm,Pieza,9,2543.4972,22891.47,2025
2505KA03,Kit de Estabilizacion Aguja Ez-10 15 Mm,Pieza,7,2519.2532,17634.77,2025
2505KIT001,Kit de Cateter de Dialisis Peritoneal,Pieza,35,2644.8,92568.0,2025
2505KIT002,Kit de Cater Permanente Para Hemodialis,Pieza,5,3770.0,18850.0,2025
2505KIT003,Kit Para Filtracion de Medula Osea Ester,Pieza,2,11807.64,23615.28,2025
2505KIT010,Kit de Aterectomia Rotacional Rotapro De,Pieza,3,46400.0,139200.0,2025
2505KIT016,Kit de Irrigación Para Ablación de Arrit,Pieza,6,5452.0,32712.0,2025
2505M014,Microcateter Tipo Corsair Para Navegacio,Pieza,2,12713.6,25427.2,2025
2505M015,Mascarilla Neonatal Con Cojin-Valvula,Pieza,11,52.2,574.2,2025
2505M020,Mascarilla Facial K de Silicona Para Pre,Pieza,4,73.4628,293.85,2025
2505M026,Mascarilla Laringea de No. 5 Para Pacien,Pieza,10,152.7256,1527.26,2025
2505M031,Medias de Compresion Neumaticas Intermit,Pieza,10,283.04,2830.4,2025
2505M033,Malla Ligera de Polipropileno Preformada,Pieza,32,6404.36,204939.52,2025
2505M034,Manta Termica Individual Esteril. Tamaño,Pieza,543,220.4,119677.2,2025
2505M036,Marcador Quirurgico Esteril,Pieza,80,17.98,1438.4,2025
2505M049,Microcatéter Coronario de 130Cm de Longi,Pieza,7,9860.0,69020.0,2025
2505M050,Microcatéter Coronario de 150Cm de Longi,Pieza,4,9860.0,39440.0,2025
2505M063,Manta Termica Individual Esteril Tamaño,Pieza,1405,220.4,309662.0,2025
2505M156,"Manifold Hielera de 3 Vias,Desechable",Pieza,45,466.32,20984.4,2025
2505P003.10,Protesis Mama Con Peso Copa B Talla 36B,Pieza,6,3483.48,20900.88,2025
2505P003.11,Protesis Mama Con Peso Copa B Talla 38B,Pieza,10,3526.3072,35263.07,2025
2505P003.3,Brassier Postmastectomia Copa B Talla 36,Pieza,6,1120.8384,6725.03,2025
2505P003.4,Brassier Postmastectomia Copa B Talla 38,Pieza,8,1120.8384,8966.71,2025
2505P003.5,Brassier Postmastectomia Copa B Talla 40,Pieza,4,1120.8384,4483.35,2025
2505P003.6,Brassier Postmastectomia Copa B Talla42,Pieza,1,1120.8384,1120.84,2025
2505P003.8,Protesis Mama Con Peso Copa B Talla 32B,Pieza,2,3483.48,6966.96,2025
2505P003.9,Protesis Mama Con Peso Copa B Talla 34B,Pieza,2,3483.48,6966.96,2025
2505P086,Placa Para Electrocauterio Pediatrica,Pieza,1749,454.1415,794293.48,2025
2505P103,Papel Termico Sensible Para Electrocardi,Pieza,23,573.04,13179.92,2025
2505P117,Papel Termico Sensible de 5Cm Para,Pieza,88,55.912,4920.26,2025
2505P121,Pulsera de Comprension Radial Para Hemos,Pieza,68,987.8054,67170.77,2025
2505P123,Papel Termico Para Impresoras de Esteril,Pieza,370,638.0,236060.0,2025
2505P124,"Plasma-Lyte 148 (Ph7,4)Solucion Para Per",Pieza,66,175.0,11550.0,2025
2505P126,Pinza de Biopsias Para Colosnocopia 240C,Pieza,19,290.0,5510.0,2025
2505P134,Papel Termico Sensible Para Impresora,Pieza,53,643.8,34121.4,2025
2505P137,Placas en ¨L¨Derecha Con Puente Mediano,Pieza,97,1200.6,116458.2,2025
2505P141,Placas en ¨L¨Izquierda Con Puente Median,Pieza,82,1200.6,98449.2,2025
2505P142,Placas en ¨L¨Izquierda Con Puente Largo,Pieza,70,2209.1504,154640.53,2025
2505P146,Papel Termico Sensible Presentacion:,Rollo,49,55.912,2739.69,2025
2505P149,Papel Para Registro Plegable Para Desfib,Pieza,410,64.96,26633.6,2025
2505P150,"Papel Para Desfibrilador,Medidas de 10.8",Pieza,15,60.4824,907.24,2025
2505P152,Papel Termo Sensible Para Electrocardio-,Rollo,48,67.6048,3245.03,2025
2505P154,Papel Para Registro Plegable,Pieza,36,440.5564,15860.03,2025
2505P155,Papel Termico Sensible Para Electrocardi,Pieza,6,121.8,730.8,2025
2505P159,Papel Termico Sensible Para Electrocar-,Pieza,31,684.0868,21206.69,2025
2505P172,Placa de Reconstruccion. Sistema 2.4 Der,Pieza,30,12445.5124,373365.37,2025
2505P173,Placa Recta de Reconstruccion Sistema 2,Pieza,15,17926.64,268899.6,2025
2505P174,Placa Recta de Reconstruccion Sistema 2,Pieza,4,12445.5124,49782.05,2025
2505P175,Placa Curva Derecha de Reconstruccion.Si,Pieza,2,12992.0,25984.0,2025
2505P178,Placa de Dispersion Autoadherible de Dos,Pieza,42,75.342,3164.36,2025
2505P181,Papel Termico Para Impresora de Monitore,Pieza,38,63.0576,2396.19,2025
2505P184,Pinza Para Cuerpo Extraño de Diente De,Pieza,6,812.0,4872.0,2025
2505P185,Pinza Para Cuerpo Extraño Diente de Coco,Pieza,6,812.0,4872.0,2025
2505P187,Paquete de Filtro Con Lineas de Conexion,Kit,9,28884.0,259956.0,2025
2505P188,Paquete de Filtro Con Lineas de Conexion,Pieza,4,19604.0,78416.0,2025
2505P192,Papel Termosensible Para Desfribilador A,Pieza,59,63.0576,3720.4,2025
2505P194,Paquete de Hemodialisis Para Cateter De,Pieza,1268,1389.68,1762114.24,2025
2505P196,Paquete de Insumos Para Hemodialisis Mem,Pieza,200,1041.68,208336.0,2025
2505P197,Papel Termico Sensible Para Electrocar,Pieza,25,641.3524,16033.81,2025
2505P201,"Papel Termico Quimico de 50 Mm, Sin Cua",Pieza,50,63.0576,3152.88,2025
2505PRI2000,Prismaflex Tpe 2000;Filtro Elaborado De,Pieza,1,11649.5784,11649.58,2025
2505R011,Rotalink Burr Oliva Para Intercambiar El,Pieza,2,11600.0,23200.0,2025
2505R013,"Rotawire Floppy Guidewire Guia 0.009"" Fl",Pieza,1,4046.08,4046.08,2025
2505R027,"Red de Extracción, Con Malla de Polieste",Pieza,10,1392.0,13920.0,2025
2505S012,Sistema Cerrado Libre de Agujas Clave Co,Pieza,1050,41.9135,44009.18,2025
2505S027,Spyglass Retrieval Basket Compatible Con,Pieza,11,13444.5526,147890.08,2025
2505S029,Sobretubo Para Enteroscopio Monobalon,Pieza,12,13711.2,164534.4,2025
2505S031,Stent Aortico de Palmaz de Acero Inoxida,Pieza,1,30740.0,30740.0,2025
2505S035,Sensor Clearsight Para Monitoreo de Gast,Set,12,7656.0,91872.0,2025
2505S036,Sensor de Electroencefalografia (Eeg) Co,Set,30,1302.68,39080.4,2025
2505S052,Sutura de Fibra de Poliester de Polietil,Pieza,12,565.21,6782.52,2025
2505S053,Sonda Urinaria Foley 100%. Silicon 2 V.#,Pieza,8,255.2,2041.6,2025
2505S058,Sutura Sintetica Multifilamento Absorbib,Pieza,48,71.8098,3446.87,2025
2505S060,Sutura Absorvible Monofilamento Polidiox,Pieza,144,143.1633,20615.52,2025
2505S078,Sonda Fiapc Frontal Para Argón Plasma,Pieza,2,5205.5812,10411.16,2025
2505S083,Set Trac Pad Con Drape.Pelicula Adhesiva,Pieza,62,1020.8511,63292.77,2025
2505S090,Sensor de Saturacion de Oxigeno Regional,Set,46,2483.2826,114231.0,2025
2505S091,Separador O Retractor de Heridas Flexibl,Pieza,1,1148.4,1148.4,2025
2505S098,Sistema de Cabestrillo Para la Correcion,Pieza,49,4333.0859,212321.21,2025
2505S099,Sistema de Cabestrillo de Incision Unica,Pieza,26,5660.6272,147176.31,2025
2505S100,Sistema Para la Correccion de Incontinen,Pieza,55,5683.8524,312611.88,2025
2505S101,Set de Accseso Para Drenaje Percutaneo,Pieza,80,7099.374,567949.92,2025
2505S102,Set de Acceso Arterial Adulto Introducto,Pieza,20,895.52,17910.4,2025
2505S118,"Sten de Nitinol, Construccion de 6 Alamb",Pieza,1,29000.0,29000.0,2025
2505S119,Sistema de Cierre Vascular Percutaneo Me,Pieza,8,8004.0,64032.0,2025
2505S126,Sistema de Autotransfusion Que Contiene:,Pieza,1,14563.8,14563.8,2025
2505S136,Sistema Oclusor de Nitinol (Aleación Niq,Pieza,5,34800.0,174000.0,2025
2505S137,Sistema Oclusor Para el Cierre Percutane,Pieza,3,113680.0,341040.0,2025
2505S139,Sistema de Lazo Endovascular Snare (Disp,Pieza,8,17179.6,137436.8,2025
2505S149,Sujetador Tubo Endotraqueal de Latex Con,Pieza,5,194.184,970.92,2025
2505S162,Stent Coronario Con Nucleo de Platino-,Pieza,6,14500.0,87000.0,2025
2505SET01,Set de Electrodos Para Estimulacion De,Pieza,6,6758.4384,40550.63,2025
2505T002,Tapones Para la Oclusion Rapida de Catet,Pieza,1000,3.8764,3876.4,2025
2505T014,Tubo Endotraqueal de Plastico Grado Medi,Pieza,118,26.3041,3103.88,2025
2505T021,Tornillo Auto Perforante de 1.5Mm X 4Mm,Pieza,21,841.0,17661.0,2025
2505T033,Tapon Esteril de Cierre Para Jeringa Con,Pieza,35900,11.9626,429457.34,2025
2505T042,Tubo Esteril de Aspiracion Flexible Tran,Pieza,1,53.7776,53.78,2025
2505T043,Tapon Con Antiseptico,Pieza,210,50.0,10500.0,2025
2505T047,Tapones Para Jeringa (Tapones de Jeringa,Pieza,20000,5.3592,107184.0,2025
2505T155,"Trampa de Pólipos, Permite Recuperación",Pieza,3,406.0,1218.0,2025
2505T156,Tornillo Sistema 2.5 Bloqueado de 8 Mm,Pieza,14,706.5444,9891.62,2025
2505T157,Tornillo Sistema 2.5 Bloqueado de 12 Mm,Pieza,10,706.5444,7065.44,2025
2505TB001,Trepano de Barron Para Donador y Recepto,Pieza,240,3944.0,946560.0,2025
2505TRAPT001,Transductor de Presion (Equipo de Monito,Pieza,50,295.6376,14781.88,2025
2505TYO01,Clavos de Ender,Paquete,5,9017.2355,45086.18,2025
2505TYO02,"Fijador Externo Con Dos Barras, 8 Rotula",Kit,5,16111.1111,80555.56,2025
2505TYO03,Aguda: Clavo Schanz,Paquete,6,1682.0,10092.0,2025
2505TYO04,"Placa 3.5 Lcp y Tornillos, Incluye Set C",Kit,5,13525.6,67628.0,2025
2505TYO05,Placa de Reconstrucción de 3.5 Acero Qui,Paquete,3,4210.8,12632.4,2025
2505TYO050,Arandelas Para Tornillos de 3.5 O 4.0,Pieza,13,464.0,6032.0,2025
2505TYO055,1 Placa Dcp 3.5 Para Cubito Y/O Radio Y,Paquete,5,16622.3719,83111.86,2025
2505TYO07,Placa Tipo Philos,Paquete,3,24433.7428,73301.23,2025
2505TYO08,Clavo Centromedular Bloqueado Humero,Paquete,6,29570.3293,177421.98,2025
2505TYO09,"Placa Lc Dcp de 3.5 de Bajo Contacto, Se",Kit,10,5689.2908,56892.91,2025
2505TYO10,"Fijador Externo Con 8 Rotulas, 2 Barras",Kit,4,31441.3246,125765.3,2025
2505TYO11,Placa Lcp Extraarticular Para Columna In,Kit,23,14944.1143,343714.63,2025
2505TYO12,"Placa Lcp Para Humero Distal, Set de Col",Kit,13,16041.1429,208534.86,2025
2505TYO13,Placa Anatomica de Reconstruccion de Ole,Kit,1,16704.0,16704.0,2025
2505TYO18,Tornillo de Herbert,Paquete,4,9742.7692,38971.08,2025
2505TYO20,Fijador Tipo Delta. Incluye Todo el Equi,Kit,4,30740.0,122960.0,2025
2505TYO22,Placa Con Tornillo Deslizante Tipo Dhs O,Kit,9,12312.5926,110813.33,2025
2505TYO23,"Prótesis Total de Cadera, Dos Cementos",Paquete,6,48944.3274,293665.96,2025
2505TYO26,Hemiprotesis de Cadera Tipo Lazcano,Paquete,2,16240.0,32480.0,2025
2505TYO30,"2 Barras de 35Mm, 6 Clavos Schanz Rosca",Kit,3,22620.0,67860.0,2025
2505TYO31,Placa Con Tornillo Deslizante Tipo Dcs C,Kit,11,15660.0,172260.0,2025
2505TYO32,Placa de Soporte Condileo Lcp 4.5 y 5.0,Kit,14,22766.2909,318728.07,2025
2505TYO35,Protesis Total de Rodilla (Componente Fe,Kit,8,40456.8299,323654.64,2025
2505TYO36,Clavo Centromedular No Rimado Bloqueado,Kit,1,15373.2223,15373.22,2025
2505TYO37,Placa Dcp Angosta de 4.5 de 8 Orificios,Kit,1,8202.8572,8202.86,2025
2505TYO38,"2 Barras de 35Mm, 6 Rotulas Universales,",Kit,9,16031.2,144280.8,2025
2505TYO39,Placa Dcp Con Lengueta (Tipo Cobra) Para,Kit,26,24996.8997,649919.39,2025
2505TYO40,"Fijador Externo en T, 6 Clavos de Schanz",Kit,7,25309.75,177168.25,2025
2505TYO41,"2 Barras de 30Cm, 6 Rotulas Universales,",Kit,5,17400.0,87000.0,2025
2505TYO46,3 Clavos de Kirchner 0.62,Paquete,2,2296.8,4593.6,2025
2505TYO48,Placa de Reconstruccion de 2.7 Con 8 Tor,Kit,1,6767.2843,6767.28,2025
2505TYO49,Placa Lcp Para Tibia Proximal Pequeños F,Kit,1,19140.0,19140.0,2025
2505TYO51,Placas Anatomicas de Radio Distal,Paquete,2,23200.0,46400.0,2025
2505TYO52,Placa Lcp Para Tibia Proximal Para,Kit,4,18328.0,73312.0,2025
2505UONC0003,Ultra Clip (Diual Trigger)Breast Tissue,Pieza,20,652.319,13046.38,2025
2505V016,Veraflo Cleance. Aposito Tubular Gris De,Pieza,16,4728.5544,75656.87,2025
2505V017,Venda Impregnadade Oxido de Zinc de Elas,Pieza,264,174.0,45936.0,2025
2505V018,Venda Autoadherente Coban Piel 7.5 Cm,Pieza,19,87.0,1653.0,2025
2506028G20,Micropipeta de Volumen Ajustable Biopett,Pieza,4,1776.3411,7105.36,2025
2506028G21,Micropipeta de Volumen Ajustable Biopett,Pieza,3,2268.8224,6806.47,2025
2506028G40,Probetas de Vidrio de 100 Ml.,Pieza,2,272.6,545.2,2025
2506028G68,Guante de Nitrilo Libre de Polvo. Talla,Caja,18,92.8,1670.4,2025
250613085B,Frasco Gotero de Plastico de 30 Ml,Pieza,1000,5.684,5684.0,2025
250613101A2,Frasco de Plastico de Boca Ancha Con Tap,Pieza,3363,12.7091,42740.7,2025
250613101A3,Frasco de Plastico de Boca Ancha Con Tap,Pieza,3855,21.6841,83592.21,2025
250613101A4,Frasco de Plastico de Boca Ancha de 4 Li,Pieza,3429,29.4879,101114.01,2025
250613102I,Frasco Para Urocultivo de 125 Ml.,Pieza,1400,3.828,5359.2,2025
250613162N,Gel Conductor Para Electrocardiograma Fr,Frasco,5,382.8685,1914.34,2025
250613298B,Frasco de Plastico Boca Ancha 125 Ml.,Pieza,7300,4.9694,36276.62,2025
250613801,Agua Bidestilada en Garrafon de 19 Litro,Garrafon,17,210.25,3574.25,2025
2506199A,Laminillas Electrocargadas,Caja,1000,285.012,285012.0,2025
25101026,Dog-1,Vial,1,16240.0,16240.0,2025
25101027,Cdk 4,Vial,1,36817.588,36817.59,2025
25101045,"Prolactina, Anticuerpo Monoclonal Para I",Vial,1,29558.3428,29558.34,2025
2510108390,Yodo Lugol Para Tincion de Gram,Frasco,32,1011.0125,32352.4,2025
25101085,Medios de Cultivo en Caja Petri de 90X15,Paquete,240,273.7722,65705.33,2025
25101087,Medio de Cultivo en Placas Preparas Tipo,Paquete,295,302.4745,89229.98,2025
25101197,Indicador-Integrador Para la Esterilizac,Caja,266,12223.1663,3251362.24,2025
25101200,Medio de Cultivo Caldo Soya Tripticasein,Frasco,826,141.6435,116997.53,2025
25101237,Reactivo Para Pruebas de Gasometria Elec,Prueba,200,114.202,22840.4,2025
25101244,Reactivos Quimicos Alcohol-Acetona Para,Frasco,18,328.048,5904.86,2025
25101256,Anticuerpo Monoclonal Hecho en Raton Ant,Vial,1,7767.36,7767.36,2025
25101257,Anticuerpo Monoclonal Hecho de Raton Ant,Vial,1,7767.36,7767.36,2025
25101258,Anticuerpo Monoclonal Hecho en Raton Ant,Vial,1,7767.36,7767.36,2025
25101327,"Buffer ""Pbs"" Concentrado 10X",Frasco,20,1624.0,32480.0,2025
25101342,Kit de Tincion Rapida Para Material Hema,Kit,5,4579.9352,22899.68,2025
25101360,Anticuerpo Monoclonal Anti Her-2 Neu,Vial,5,43715.876,218579.38,2025
25101363,Anticuerpo Monoclonal Anti Inhibina,Vial,3,28274.942,84824.83,2025
25101364,Anticuerpo Monoclonal Anti Calcitonina,Vial,1,50533.9384,50533.94,2025
25101366,Anticuerpo Monoclonal Anti Ck5/6,Vial,3,43715.876,131147.63,2025
25101370,Anticuerpo Monoclonal Anti Tdt,Vial,1,33649.1872,33649.19,2025
25101372,Anticuerpo Monoclonal Anti Hmb-45,Vial,2,20815.1676,41630.34,2025
25101373,Anticuerpo Monoclonal Anti Citoqueratina,Vial,1,25507.6112,25507.61,2025
25101374,Anticuerpo Monoclonal Anti Calretinina,Vial,1,37218.6464,37218.65,2025
25101375,Anticuerpo Monoclonal Anti Fli-1,Vial,1,24264.3116,24264.31,2025
25101376,Anticuerpo Monoclonal Anti Granzima B,Vial,1,30962.0704,30962.07,2025
25101378,Anticuerpo Monoclonal Anti Caldesmonina,Vial,1,34050.2572,34050.26,2025
25101379,Anticuerpo Monoclonal Anti Gcdft-15,Vial,1,26590.4828,26590.48,2025
25101380,Anticuerpo Monoclonal Anti Igm,Vial,1,8943.7044,8943.7,2025
25101382,Anticuerpo Monoclonal Anti Iga,Vial,1,10748.4904,10748.49,2025
25101383,Anticuerpo Monoclonal Anti Cdx2,Vial,2,31483.444,62966.89,2025
25101385,Anticuerpo Monoclonal Anti Glypican-3,Vial,2,43715.876,87431.75,2025
25101386,Anticuerpo Monoclonal Anti Gata-3,Vial,1,50533.9384,50533.94,2025
25101389,Anticuerpo Monoclonal Anti Carcinoma De,Vial,1,23662.724,23662.72,2025
25101390,Anticuerpo Monoclonal Anti Cd61,Vial,1,23863.2532,23863.25,2025
25101392,Anticuerpo Monoclonal Anti Sox10,Vial,3,36697.2728,110091.82,2025
25101397,Anticuerpo Monoclonal Anti Oct-2,Vial,1,31363.1288,31363.13,2025
2510141,Casettes Con Agente Esterilizante Sterr,Pieza,560,5495.9814,3077749.58,2025
25101436,Test Formaldehido Metodo Colorimetrico C,Frasco,6,2815.32,16891.92,2025
25101511,Linea Celular de Cancer de Ovario Caov-4,Vial,1,47560.0,47560.0,2025
25101600A,Prueba Test (Indicador Quimico Bowie Dic,Prueba,2960,88.6124,262292.7,2025
25101653,Enzima Transcriptasa Inversa Reveraid Ep,Vial,1,2616.96,2616.96,2025
25101664,Sal en Pellets Para Tratamiento de Agua,Bulto,140,339.3696,47511.74,2025
25101761,Human Vitamin B12 Elisa Kit 96 Strip Wel,Kit,1,25220.72,25220.72,2025
25101763,"P-Cresol Elisa Kit, Human P-Cresol Elisa",Kit,1,16448.8,16448.8,2025
25101764,Human Indoxyl Sulphate Elisa Kit 96 Stri,Kit,1,16605.4,16605.4,2025
25101765,Human Beta-2 Microglobulina Elisa Kit El,Kit,1,20594.64,20594.64,2025
25501002,Hojas de Polipropileno Para Empaque de D,Caja,79,10196.7712,805544.92,2025
25501003,Rollo Bolsa Tyvek Con Indicador Quimico,Pieza,37,1941.5636,71837.85,2025
25501004,Rollo Bolsa Tuvek Con Indicador Quimico,Pieza,55,2693.0076,148115.42,2025
25501005,Rollo Bolsa Tyvek Con Indicador Quimico,Pieza,61,4731.9367,288648.14,2025
25501006,Rollo Bolsa Tyvek Con Indicador Quimico,Pieza,25,6559.0692,163976.73,2025
25501007,Rollo Bolsa Tyvek Con Indicador Quimico,Pieza,33,7249.2995,239226.88,2025
25501008,Rollo Bolsa Tyvek Con Indicador Quimico,Pieza,1,9894.7188,9894.72,2025
25501014,Hoja Para Laringoscopio Miller (Recta),Pieza,1,1987.95,1987.95,2025
25501015,Hoja Para Laringoscopio Miller (Recta),Pieza,1,1639.08,1639.08,2025
255010868,Cassette Para Inclusion de Tejidos en Pa,Caja,177,846.8,149883.6,2025
25501270,"Tubo Para Heces, Con Cuchara, Transparen",Pieza,45600,5.2461,239222.16,2025
25501274,Rollo/Bobina de Papel Crepado Hidrofobod,Bobina,94,11020.0,1035880.0,2025
25501281,Moldes de Acero Para Parafina de 7X7X5Mm,Pieza,8,100.05,800.4,2025
25501282,Moldes de Acero Para Parafina de 24X24X5,Pieza,8,195.2628,1562.1,2025
27010300,Mortaja Desechable Tamaño Chico,Paquete,97,52.8254,5124.06,2025
271010019.2,Bata Medico Caballero,Pieza,528,550.8956,290872.88,2025
271010019.7,Bata Medico Dama,Pieza,832,544.04,452641.28,2025
271010022.1,Blusa Para Traje Dama,Pieza,890,562.7044,500806.92,2025
271010025.01,Cangurera de Vinipiel en Color Gris O Ne,Pieza,178,191.4,34069.2,2025
271010037.1,Calzado Choclo Estilo Derby Unisex,Par,4539,860.7896,3907123.99,2025
271010037.3,Calzado de Vestir Para Caballero,Par,430,955.608,410911.44,2025
271010037.4,Calzado Estilo Zapatilla Para Uso Admini,Par,716,1072.6752,768035.44,2025
271010038.1,Camisa Para Traje Caballero,Pieza,432,421.08,181906.56,2025
271010055.2,Chamarra 100% Poliester Con Gorro,Pieza,1010,787.5588,795434.39,2025
271010080.4,Filipina Dama 65% Poliester 35% Algodon,Pieza,2908,537.66,1563515.28,2025
271010108.1,Pantalon Mezclilla Caballero,Pieza,88,374.4712,32953.47,2025
271010108.3,Pantalon Vestir Caballero 70% Poliester,Pieza,2412,571.8452,1379290.62,2025
271010109.1,Pantalon Vestir Dama 70% Poliester 30% A,Pieza,5110,539.997,2759384.67,2025
271010160.01,Playera Tipo Polo Manga Corta Dama 100%,Pieza,93,271.2892,25229.9,2025
271010160.1,Playera Tipo Polo Manga Corta Caballero,Pieza,96,255.6988,24547.08,2025
271010163.01,Sweater de Acrilico,Pieza,497,326.8648,162451.81,2025
271010164.1,"Traje Sastre Para Dama (4 Piezas: Saco,",Conjunto,728,3977.3268,2895493.91,2025
27111504,"Cutter Grande Cuchilla ""L"" Segmentada, M",Pieza,23,5.0344,115.79,2025
272010001.01,Lentes de Proteccion,Pieza,132,8.1316,1073.37,2025
272010003.2,Calzado Borcegui Tipo Ii + Iii Para Mant,Par,152,784.9372,119310.45,2025
272010032,Guante de Carnaza Corto,Pieza,13,103.2864,1342.72,2025
27300056-M1,"Mochila:Bolsa Con Cuero, Impermeable Par",Pieza,9,910.6,8195.4,2025
29401076,Caja Salidas Multiusuarios Vacia de 24 P,Pieza,10,248.0,2480.0,2025
295010005H,Adaptador Para Circuito Optiflow Junior,Pieza,1020,453.56,462631.2,2025
295010005.176,Adaptador en T Desechable Tamaño Pediatr,Pieza,180,33.64,6055.2,2025
295010005.177,Adaptador en T Desechable Tamaño Neonata,Pieza,190,33.64,6391.6,2025
295010005.178,Adaptador en T Desechable Tamaño Neonata,Pieza,180,33.64,6055.2,2025
295010005.179,Camara Espaciadora Con Boquilla y Valvul,Caja,110,1740.0,191400.0,2025
295010005.181,Juego de Tubos Desechable Para Nebulizac,Paquete,22,696.0,15312.0,2025
295010005.95,"Vaso Alto Volumen, de Pvc Grado Medico",Pieza,180,99.0292,17825.26,2025
295010011G,"Optiflow, Canula Nasal Serie 9 Para Tera",Pieza,620,720.128,446479.36,2025
295010191,Micronebulizador Pediatrico Cat. 1886,Pieza,100,28.42,2842.0,2025
295010192,"Mascarilla Para Ventilacion No Invasiva,",Pieza,244,842.856,205656.86,2025
295010192A,"Mascarilla Para Ventilacion No Invasiva,",Pieza,580,638.0,370040.0,2025
295010192B,Mascarilla Para Ventilacion No Invasiva,Pieza,280,638.0,178640.0,2025
295010196,Canula Nasal Optiflow Pequeña,Pieza,280,685.792,192021.76,2025
295010196B,Canula Nasal Optiflow Grande Cat. Opt546,Pieza,240,685.792,164590.08,2025
295010197,Tienda Facial Cat. 1095,Pieza,1150,1.0,1150.0,2025
295010198,Mascarilla de No Reinhalacion Pediatrica,Pieza,1099,32.132,35313.07,2025
295010200,Conector Uniersal de 15Mm,Pieza,24,11.368,272.83,2025
295010206,Circuito de Ventilacion Mecanica Adulto,Pieza,560,1091.905,611466.8,2025
295010209,Circuito de Ventilacion Mecanica Rt-202,Pieza,1130,755.6098,853839.07,2025
295010211,Coneccion de Traqueostomia Cat. Opt570,Pieza,10,685.792,6857.92,2025
295010214,Camara de Humidificacion Mr370,Pieza,5,1.0,5.0,2025
295010215,Camara de Humidificacion Mr340E,Pieza,10,1.0,10.0,2025
295010216,Camara de Humidificacion Mr340S,Pieza,17,1.0,17.0,2025
295010282,"Paquete de 2 Filtros Para ""Airvo 2"" Refe",Paquete,44,1260.92,55480.48,2025
295010360,Fibra Optica 400 Um Radiada,Pieza,30,27260.0,817800.0,2025
31162001,Chinche Cuerpo de Metal y Cabeza de Plas,Caja,151,23.129,3492.48,2025
31162404,Grapas Standard. Caja Con 5000 Piezas,Caja,203,12.7124,2580.62,2025
31201515,Cinta Adhesiva Masking Tape Medida 24Mm,Pieza,6,18.3854,110.31,2025
31201517,"Cinta Adhesiva Canela Transparente, Medi",Pieza,93,8.1084,754.08,2025
31201610,"Lapiz Adhesivo Semisolido Para Papel, Ca",Pieza,91,4.7444,431.74,2025
31201616.01,Pegamento Liquido Blanco 225 Ml,Pieza,89,26.087,2321.74,2025
41111604,Reglas de Plastico 30 Cm,Pieza,126,3.596,453.1,2025
43202003A,"Torre de Cd/Dvd+R, 4.7Gb",Pieza,650,6.7096,4361.24,2025
44101602,Perforadora 3 Orificios,Pieza,4,117.6459,470.58,2025
44101602.01,Perforadora de 2 Orificios,Pieza,45,110.1457,4956.56,2025
44101802,Sumadora de Escritorio de 12 Digitos,Pieza,24,55.0446,1321.07,2025
44102402.01,Foliador Automatico Con 6 Digitos,Pieza,27,174.2349,4704.34,2025
44103502,Cubierta Para Engargolar Pasta Plastific,Pieza,329,2.1971,722.85,2025
44103502.02,"Cubierta Para Engargolar Plastificada,",Pieza,417,2.9363,1224.44,2025
44103504.01,"Arillo Metalico Para Engargolar, Doble M",Caja,51,61.5728,3140.21,2025
44103506,Cinta Para Coser Expedientes de Lino Mad,Pieza,58,178.4571,10350.51,2025
44111515.01,"Cajas de Carton (Corrugado, Liso y Plega",Pieza,184,23.1541,4260.35,2025
44111914,Tabla de Registro Tamaño Carta Con Clip,Pieza,157,15.544,2440.41,2025
44111914.01,Tabla Registro Con Clip Sijetador Tabla,Pieza,70,18.676,1307.32,2025
44121503,Sobres de Papel Manila 26 X 34 Con Hilo,Pieza,321,4.4118,1416.19,2025
44121503.01,Sobre de Papel de 23 X 30.5 Con Hilo y R,Pieza,1931,3.496,6750.78,2025
44121605,Despachador Universal de Cintas,Pieza,8,58.1087,464.87,2025
44121618,Tijeras Para Oficina Acero Inoxidable No,Pieza,88,13.6831,1204.11,2025
44121619,Tajalapiz Manual (Sacapuntas Manual) Esc,Pieza,67,0.9028,60.49,2025
44121620,"Dedal Chico Fabricado en Hule Natural,",Pieza,154,1.9308,297.34,2025
44121620.01,"Dedal Mediano Fabricado en Hule Natural,",Pieza,64,1.624,103.94,2025
44121627,Marca Textos Color Amarillo Fluorescente,Pieza,281,3.9324,1105.0,2025
44121627.01,Marca Textos Rosa Fluorescente,Pieza,51,4.5172,230.38,2025
44121627.02,Marcatextos Azul Fluorescente,Pieza,30,4.962,148.86,2025
44121627.04,Marca Textos Fluorescente Color Naranja,Pieza,14,3.9583,55.42,2025
44121628,Porta Clips Con Iman 10.5 Cm de Alto,Pieza,34,22.9238,779.41,2025
44121636,Tajalapiz Electrico (Sacapuntas Electric,Pieza,18,428.3849,7710.93,2025
44121701,"Boligrafo Azul Punto Metalico,Punto",Pieza,970,1.39,1348.3,2025
44121701.01,"Boligrafo Negro Punto Metalico, Punto",Pieza,165,1.4005,231.08,2025
44121701.02,"Boligrafo Rojo Punto Metalico, Punto",Pieza,271,1.3906,376.85,2025
44121701.03,"Boligrafo Verde Punto Metalico, Punto",Pieza,672,1.543,1036.9,2025
44121706.02,"Lapices Hexagonal del Numero 2, Con",Pieza,537,1.7152,921.06,2025
44121708.01,Marcador de Cera Negro Con Cubierta Desp,Pieza,160,5.2432,838.91,2025
44121708.02,Marcador Azul (Plumon) Tinta Permanente,Pieza,61,3.9001,237.91,2025
44121708.03,Plumin (Plumon) Punta Fina Color Negro,Pieza,237,4.3398,1028.53,2025
44121708.04,"Plumin (Plumon) Punta Fina, Color Azul",Pieza,41,3.7533,153.89,2025
44121708.05,Marcador Negro (Plumon) Tinta Permanente,Pieza,4,3.9786,15.91,2025
44121708.06,Marcador Rojo (Plumon) Tinta Permanente,Pieza,163,4.6168,752.54,2025
44121708.07,Marcador de Cera Rojo Con Cubierta,Pieza,294,5.2494,1543.32,2025
44121708.08,Marcador Verde (Plumon) Tinta Permanente,Pieza,293,4.6168,1352.72,2025
44121708.09,Marcador Rojo Para Pizarron Balnco,Pieza,100,4.6147,461.47,2025
44121708.10,Marcador Negro Para Pizarron Blanco,Pieza,35,5.2236,182.83,2025
44121708.11,Marcador Verde Pizarron Blanco,Pieza,128,4.9706,636.24,2025
44121708.12,"Bicolor Lapiz Para Marcar, Bicolor",Pieza,10,2.3809,23.81,2025
44121708.13,Marcador Azul Para Pizarron Blanco,Pieza,60,5.9112,354.67,2025
44121708.14,"Marcador de Cera Color Azul, Con",Pieza,53,6.9716,369.49,2025
44121708.15,"Marcador de Cera,Amarillo Con Cubierta",Pieza,48,6.032,289.54,2025
44121708.16,"Marcador de Cera Color Verde, Con",Pieza,23,6.9716,160.35,2025
44121804,Borrador Goma Blanca de Migajon Medida +,Pieza,61,2.062,125.78,2025
44121804.01,Borrador Para Pizarron,Pieza,5,8.062,40.31,2025
44121805,Corrector Liquido Blanco a Base de Agua,Pieza,205,4.756,974.98,2025
44121905,Cojin Para Sellos en Plastico De,Pieza,62,25.52,1582.24,2025
44122002,Protector de Plastico Para Hojas Tamaño,Paquete,47,38.9673,1831.46,2025
44122003,Carpetas Para Archivo Archivo Carpeta Re,Pieza,394,25.52,10054.88,2025
44122003.02,"Carpeta de 3 Argollas de 1"" Tamaño Carta",Pieza,19,33.35,633.65,2025
44122003.04,"Carpeta de 2"" Para Archivo Carpetas De",Pieza,101,44.0684,4450.91,2025
44122003.05,Carpeta Para Archivo. Carpeta de 3 Argol,Pieza,42,98.5884,4140.71,2025
44122003.08,"Carpeta de 3"" Para Archivo de 3 Argollas",Pieza,53,61.2687,3247.24,2025
44122010.03,Separadores 31 Divisiones de Cartulina,Juego,80,56.7826,4542.61,2025
44122010.04,"Separadores de Cartulina Para Carpeta, D",Juego,755,5.7537,4344.04,2025
44122010.06,Separadores de Plastico Para Carpeta De,Juego,50,24.6319,1231.6,2025
44122011,Folder Tamaño Carta de Cartulina. Caja C,Pieza,697,1.2644,881.29,2025
44122011.01,Folder Tamaño Oficio Caja Con 100,Pieza,2174,1.334,2900.12,2025
44122016,"Agarrapapel, Sujetador de Documentos",Pieza,310,0.4736,146.82,2025
44122016.01,"Agarrapapel Sujetador de Documentos,",Pieza,191,2.7405,523.44,2025
44122016.02,"Agarrapapel, Sujetador de Documentos,",Pieza,266,1.0608,282.17,2025
44122022,Broches Para Folder Broche Metalico de 8,Caja,27,22.0168,594.45,2025
44122104,Clips Cromado No.2 Cuadrado Inoxidable C,Caja,201,5.4171,1088.84,2025
44122104.01,Clip Tipo Mariposa Gigante No.1 Caja Con,Caja,35,13.8507,484.77,2025
44122111,Refuerzos (Para Perforacion en Papel) Ad,Paquete,66,25.52,1684.32,2025
48102109,"Playo Rollo 18"" X 1200 Ft (45.72Cm X 365",Rollo,98,104.2888,10220.3,2025
53102509,Ligas No. 18 Con 100 Gr.,Paquete,43,13.92,598.56,2025
531.784.0204,Reanimador de Asistencia Ventilatoria. E,Pieza,42,754.0,31668.0,2025
56112203.01,"Porta Lapices de Acrilico Color Humo,",Pieza,78,12.9804,1012.47,2025
60101316,"Tarjetas de Cartulina 3 X 5""",Paquete,29,6.728,195.11,2025
60101316.01,"Tarjetas de Cartulina 5 X 8"", Con",Paquete,28,30.16,844.48,2025
60121104,"Papel Bond Tamaño Carta Maximo 75 G/M2,",Paquete,489,63.5462,31074.09,2025
60121104.01,"Papel Bond Tamaño Oficio Maximo 75 G/M2,",Paquete,156,85.9491,13408.06,2025
C391D,Tubo Flexible de Polivinilo (Tygon) de D,Metro,4500,19.662,88479.0,2025
SC163,Piracetam 1G/5Ml. Solucion. Frasco Con 1,Frasco,120,98.8,11856.0,2025
SC196,Cidofovir 375 Mg/5 Ml. Caja Con 1 Ampula,Ampula,1,26640.0,26640.0,2025
SC24,"Alimento a Base de Arginina, Glutamina,",Pieza,303,211.5508,64099.89,2025
SC500,Prueba Rapida Para la Detección Cualitat,Prueba,500,81.2,40600.0,2025
